id,firstname,lastname,email,email2,profession,age,dob
100,Jacenta,Berl,Jacenta.Berl@yopmail.com,Jacenta.Berl@gmail.com,worker,217,1940-01-11
101,Lynde,Lail,Lynde.Lail@yopmail.com,Lynde.Lail@gmail.com,worker,465,2011-05-04
102,Marnia,Medrek,Marnia.Medrek@yopmail.com,Marnia.Medrek@gmail.com,developer,373,1926-11-09
103,Lucille,Weitman,Lucille.Weitman@yopmail.com,Lucille.Weitman@gmail.com,doctor,642,1977-09-17
104,Emylee,Monk,Emylee.Monk@yopmail.com,Emylee.Monk@gmail.com,worker,161,1902-12-05
105,Ezmeralda,Edison,Ezmeralda.Edison@yopmail.com,Ezmeralda.Edison@gmail.com,doctor,936,1986-03-02
106,Joane,Dorine,Joane.Dorine@yopmail.com,Joane.Dorine@gmail.com,worker,433,1951-05-21
107,Leanna,Levey,Leanna.Levey@yopmail.com,Leanna.Levey@gmail.com,police officer,433,1902-01-07
108,Annora,Lynn,Annora.Lynn@yopmail.com,Annora.Lynn@gmail.com,firefighter,849,1998-10-29
109,Adele,Shields,Adele.Shields@yopmail.com,Adele.Shields@gmail.com,worker,349,1999-12-10
110,Belva,Ailyn,Belva.Ailyn@yopmail.com,Belva.Ailyn@gmail.com,developer,652,1976-04-15
111,Paule,Allys,Paule.Allys@yopmail.com,Paule.Allys@gmail.com,police officer,323,1933-06-28
112,Shell,Judye,Shell.Judye@yopmail.com,Shell.Judye@gmail.com,worker,677,1971-04-22
113,Gabriellia,Brenn,Gabriellia.Brenn@yopmail.com,Gabriellia.Brenn@gmail.com,firefighter,77,1930-05-07
114,Mamie,O'Neill,Mamie.O'Neill@yopmail.com,Mamie.O'Neill@gmail.com,worker,785,2008-09-03
115,Heida,Corabella,Heida.Corabella@yopmail.com,Heida.Corabella@gmail.com,developer,352,1948-03-20
116,Berget,Lanita,Berget.Lanita@yopmail.com,Berget.Lanita@gmail.com,doctor,146,2016-03-20
117,Claudina,Barney,Claudina.Barney@yopmail.com,Claudina.Barney@gmail.com,worker,911,1985-01-13
118,Lesly,Hilbert,Lesly.Hilbert@yopmail.com,Lesly.Hilbert@gmail.com,doctor,4,1901-10-11
119,Candi,Brandice,Candi.Brandice@yopmail.com,Candi.Brandice@gmail.com,doctor,736,1908-11-11
120,Kristan,Sancho,Kristan.Sancho@yopmail.com,Kristan.Sancho@gmail.com,firefighter,29,2001-04-12
121,Bernie,Norrie,Bernie.Norrie@yopmail.com,Bernie.Norrie@gmail.com,doctor,884,2010-03-11
122,Joceline,Gamaliel,Joceline.Gamaliel@yopmail.com,Joceline.Gamaliel@gmail.com,police officer,436,1966-07-03
123,Brianna,Eldrid,Brianna.Eldrid@yopmail.com,Brianna.Eldrid@gmail.com,doctor,837,1938-11-09
124,Coral,Krystle,Coral.Krystle@yopmail.com,Coral.Krystle@gmail.com,developer,247,1965-04-10
125,Brianna,Gahl,Brianna.Gahl@yopmail.com,Brianna.Gahl@gmail.com,worker,224,1930-06-17
126,Katleen,Pandolfi,Katleen.Pandolfi@yopmail.com,Katleen.Pandolfi@gmail.com,firefighter,766,2015-01-31
127,Belva,Millda,Belva.Millda@yopmail.com,Belva.Millda@gmail.com,firefighter,412,1990-03-22
128,Lilith,Goerke,Lilith.Goerke@yopmail.com,Lilith.Goerke@gmail.com,doctor,595,1921-05-26
129,Melanie,Holbrook,Melanie.Holbrook@yopmail.com,Melanie.Holbrook@gmail.com,doctor,660,1926-04-10
130,Priscilla,Cressida,Priscilla.Cressida@yopmail.com,Priscilla.Cressida@gmail.com,worker,745,1919-10-13
131,Sue,Destinee,Sue.Destinee@yopmail.com,Sue.Destinee@gmail.com,police officer,362,1902-05-01
132,Frances,Sholley,Frances.Sholley@yopmail.com,Frances.Sholley@gmail.com,police officer,332,1979-05-30
133,Magdalena,Bord,Magdalena.Bord@yopmail.com,Magdalena.Bord@gmail.com,firefighter,90,1971-03-13
134,Mariann,Payson,Mariann.Payson@yopmail.com,Mariann.Payson@gmail.com,firefighter,2,1925-01-01
135,Marnia,Creamer,Marnia.Creamer@yopmail.com,Marnia.Creamer@gmail.com,developer,921,1939-10-05
136,Melanie,Jagir,Melanie.Jagir@yopmail.com,Melanie.Jagir@gmail.com,doctor,812,1914-03-30
137,Sharlene,Hirsch,Sharlene.Hirsch@yopmail.com,Sharlene.Hirsch@gmail.com,police officer,510,1908-09-30
138,Fred,Markman,Fred.Markman@yopmail.com,Fred.Markman@gmail.com,worker,49,1915-02-22
139,Aubrie,Ledah,Aubrie.Ledah@yopmail.com,Aubrie.Ledah@gmail.com,police officer,432,1986-07-17
140,Wanda,Bearnard,Wanda.Bearnard@yopmail.com,Wanda.Bearnard@gmail.com,firefighter,266,1927-11-13
141,Betta,Ajay,Betta.Ajay@yopmail.com,Betta.Ajay@gmail.com,firefighter,79,2002-11-07
142,Tilly,Audly,Tilly.Audly@yopmail.com,Tilly.Audly@gmail.com,police officer,780,1939-04-22
143,Nadine,Flyn,Nadine.Flyn@yopmail.com,Nadine.Flyn@gmail.com,doctor,477,2002-05-18
144,Benita,Margarete,Benita.Margarete@yopmail.com,Benita.Margarete@gmail.com,developer,356,1940-09-17
145,Chickie,Thilda,Chickie.Thilda@yopmail.com,Chickie.Thilda@gmail.com,worker,265,1929-02-02
146,Lulita,Scammon,Lulita.Scammon@yopmail.com,Lulita.Scammon@gmail.com,worker,876,1913-11-22
147,Anthia,Wareing,Anthia.Wareing@yopmail.com,Anthia.Wareing@gmail.com,worker,774,1981-01-22
148,Clarice,Wesle,Clarice.Wesle@yopmail.com,Clarice.Wesle@gmail.com,doctor,674,1957-04-10
149,Carly,Margret,Carly.Margret@yopmail.com,Carly.Margret@gmail.com,doctor,667,1980-07-18
150,Vevay,Bonilla,Vevay.Bonilla@yopmail.com,Vevay.Bonilla@gmail.com,worker,695,1946-10-22
151,Aigneis,Riordan,Aigneis.Riordan@yopmail.com,Aigneis.Riordan@gmail.com,doctor,279,2007-06-03
152,Madelle,Sharl,Madelle.Sharl@yopmail.com,Madelle.Sharl@gmail.com,developer,337,1920-11-13
153,Roberta,Maisey,Roberta.Maisey@yopmail.com,Roberta.Maisey@gmail.com,firefighter,16,1990-11-22
154,Estell,Laurianne,Estell.Laurianne@yopmail.com,Estell.Laurianne@gmail.com,police officer,141,1977-02-24
155,Sheree,Lalitta,Sheree.Lalitta@yopmail.com,Sheree.Lalitta@gmail.com,worker,237,1929-03-12
156,Jacquetta,Chem,Jacquetta.Chem@yopmail.com,Jacquetta.Chem@gmail.com,firefighter,779,1929-07-15
157,Maud,Alabaster,Maud.Alabaster@yopmail.com,Maud.Alabaster@gmail.com,police officer,504,1937-10-23
158,Raquela,Jammal,Raquela.Jammal@yopmail.com,Raquela.Jammal@gmail.com,worker,227,2012-06-18
159,Linet,Ventre,Linet.Ventre@yopmail.com,Linet.Ventre@gmail.com,firefighter,802,1986-01-09
160,Harmonia,Waite,Harmonia.Waite@yopmail.com,Harmonia.Waite@gmail.com,worker,198,1985-06-18
161,Joleen,Wareing,Joleen.Wareing@yopmail.com,Joleen.Wareing@gmail.com,developer,88,2003-05-15
162,Dede,Brieta,Dede.Brieta@yopmail.com,Dede.Brieta@gmail.com,firefighter,602,1983-07-25
163,Madeleine,Euridice,Madeleine.Euridice@yopmail.com,Madeleine.Euridice@gmail.com,firefighter,672,1938-10-24
164,Sam,Carlson,Sam.Carlson@yopmail.com,Sam.Carlson@gmail.com,worker,244,1955-03-17
165,Isa,Flita,Isa.Flita@yopmail.com,Isa.Flita@gmail.com,worker,368,1961-04-19
166,Meg,McNully,Meg.McNully@yopmail.com,Meg.McNully@gmail.com,developer,831,1942-05-08
167,Emilia,Johnsson,Emilia.Johnsson@yopmail.com,Emilia.Johnsson@gmail.com,doctor,860,1988-12-10
168,Joy,Willie,Joy.Willie@yopmail.com,Joy.Willie@gmail.com,police officer,948,1970-02-07
169,Fawne,Thornburg,Fawne.Thornburg@yopmail.com,Fawne.Thornburg@gmail.com,police officer,342,1905-04-09
170,Peri,Fiann,Peri.Fiann@yopmail.com,Peri.Fiann@gmail.com,police officer,274,2010-02-10
171,Sharlene,Dawkins,Sharlene.Dawkins@yopmail.com,Sharlene.Dawkins@gmail.com,firefighter,200,2007-05-24
172,Stephanie,Miru,Stephanie.Miru@yopmail.com,Stephanie.Miru@gmail.com,police officer,129,1932-05-31
173,Leeanne,Plato,Leeanne.Plato@yopmail.com,Leeanne.Plato@gmail.com,police officer,630,1982-03-13
174,Allis,Hull,Allis.Hull@yopmail.com,Allis.Hull@gmail.com,developer,598,1947-04-25
175,Sharlene,Dielu,Sharlene.Dielu@yopmail.com,Sharlene.Dielu@gmail.com,worker,492,1916-05-22
176,Asia,Hashim,Asia.Hashim@yopmail.com,Asia.Hashim@gmail.com,developer,969,1922-07-24
177,Nelle,Brodench,Nelle.Brodench@yopmail.com,Nelle.Brodench@gmail.com,firefighter,519,1933-10-11
178,Tabbatha,Ellerey,Tabbatha.Ellerey@yopmail.com,Tabbatha.Ellerey@gmail.com,developer,238,1995-09-03
179,Amara,Riordan,Amara.Riordan@yopmail.com,Amara.Riordan@gmail.com,firefighter,82,1905-02-23
180,Trudie,Schonfeld,Trudie.Schonfeld@yopmail.com,Trudie.Schonfeld@gmail.com,doctor,262,1995-09-02
181,Jany,Grayce,Jany.Grayce@yopmail.com,Jany.Grayce@gmail.com,worker,934,1936-04-22
182,Nonnah,Lacombe,Nonnah.Lacombe@yopmail.com,Nonnah.Lacombe@gmail.com,worker,237,2012-06-02
183,Arlena,Faust,Arlena.Faust@yopmail.com,Arlena.Faust@gmail.com,developer,624,1995-06-16
184,Luci,Donoghue,Luci.Donoghue@yopmail.com,Luci.Donoghue@gmail.com,police officer,425,1969-05-03
185,Riannon,Helve,Riannon.Helve@yopmail.com,Riannon.Helve@gmail.com,firefighter,677,2015-05-09
186,Randa,Kylander,Randa.Kylander@yopmail.com,Randa.Kylander@gmail.com,worker,764,1980-04-12
187,Carmela,Damarra,Carmela.Damarra@yopmail.com,Carmela.Damarra@gmail.com,worker,643,1962-01-26
188,Lexine,Ephrem,Lexine.Ephrem@yopmail.com,Lexine.Ephrem@gmail.com,firefighter,543,1995-10-03
189,Christal,Hubert,Christal.Hubert@yopmail.com,Christal.Hubert@gmail.com,police officer,866,2001-12-22
190,Merle,Goerke,Merle.Goerke@yopmail.com,Merle.Goerke@gmail.com,firefighter,785,1993-12-20
191,Gwenneth,Bord,Gwenneth.Bord@yopmail.com,Gwenneth.Bord@gmail.com,doctor,911,1920-06-07
192,Mellicent,Corabella,Mellicent.Corabella@yopmail.com,Mellicent.Corabella@gmail.com,developer,948,1931-12-25
193,Thalia,Michella,Thalia.Michella@yopmail.com,Thalia.Michella@gmail.com,doctor,987,1913-12-29
194,Tybie,Tyson,Tybie.Tyson@yopmail.com,Tybie.Tyson@gmail.com,firefighter,868,1922-06-10
195,Evaleen,Cookie,Evaleen.Cookie@yopmail.com,Evaleen.Cookie@gmail.com,developer,99,1957-01-04
196,Adriana,Israeli,Adriana.Israeli@yopmail.com,Adriana.Israeli@gmail.com,doctor,809,1956-07-15
197,Sharai,Rocray,Sharai.Rocray@yopmail.com,Sharai.Rocray@gmail.com,firefighter,616,1979-06-01
198,Frieda,Pattin,Frieda.Pattin@yopmail.com,Frieda.Pattin@gmail.com,doctor,940,2011-12-28
199,Daune,Joeann,Daune.Joeann@yopmail.com,Daune.Joeann@gmail.com,firefighter,3,1997-10-08
200,Leia,Berriman,Leia.Berriman@yopmail.com,Leia.Berriman@gmail.com,developer,589,1956-07-17
201,Merrie,Eliathas,Merrie.Eliathas@yopmail.com,Merrie.Eliathas@gmail.com,doctor,603,1914-05-22
202,Konstance,Lunsford,Konstance.Lunsford@yopmail.com,Konstance.Lunsford@gmail.com,police officer,811,1949-11-15
203,Andree,Huggins,Andree.Huggins@yopmail.com,Andree.Huggins@gmail.com,worker,115,1980-11-12
204,Brandise,Naashom,Brandise.Naashom@yopmail.com,Brandise.Naashom@gmail.com,worker,22,1943-03-04
205,Anthia,McGrody,Anthia.McGrody@yopmail.com,Anthia.McGrody@gmail.com,developer,928,1984-03-16
206,Gerianna,Atonsah,Gerianna.Atonsah@yopmail.com,Gerianna.Atonsah@gmail.com,firefighter,708,1966-04-27
207,Dawn,Charmine,Dawn.Charmine@yopmail.com,Dawn.Charmine@gmail.com,doctor,751,1911-01-07
208,Ayn,Kenney,Ayn.Kenney@yopmail.com,Ayn.Kenney@gmail.com,worker,838,1956-12-30
209,Delilah,Cynar,Delilah.Cynar@yopmail.com,Delilah.Cynar@gmail.com,developer,540,1909-10-23
210,Tressa,Margret,Tressa.Margret@yopmail.com,Tressa.Margret@gmail.com,firefighter,389,1914-04-03
211,Bobbi,Mauer,Bobbi.Mauer@yopmail.com,Bobbi.Mauer@gmail.com,police officer,231,1929-02-20
212,Berget,Hortensia,Berget.Hortensia@yopmail.com,Berget.Hortensia@gmail.com,police officer,131,1951-02-20
213,Tera,Wesle,Tera.Wesle@yopmail.com,Tera.Wesle@gmail.com,police officer,318,1957-04-24
214,Carlie,Wattenberg,Carlie.Wattenberg@yopmail.com,Carlie.Wattenberg@gmail.com,worker,633,1971-08-15
215,Aurelie,Rozanna,Aurelie.Rozanna@yopmail.com,Aurelie.Rozanna@gmail.com,firefighter,652,1948-04-12
216,Diena,Roarke,Diena.Roarke@yopmail.com,Diena.Roarke@gmail.com,doctor,416,1921-03-09
217,Sharai,Dermott,Sharai.Dermott@yopmail.com,Sharai.Dermott@gmail.com,developer,458,1915-02-06
218,Janis,Ephrem,Janis.Ephrem@yopmail.com,Janis.Ephrem@gmail.com,firefighter,397,2013-01-11
219,Pollyanna,Holtz,Pollyanna.Holtz@yopmail.com,Pollyanna.Holtz@gmail.com,police officer,990,1934-04-10
220,Ayn,Craggie,Ayn.Craggie@yopmail.com,Ayn.Craggie@gmail.com,developer,441,1994-04-30
221,Mahalia,Fax,Mahalia.Fax@yopmail.com,Mahalia.Fax@gmail.com,worker,882,1965-05-09
222,Rosene,Talia,Rosene.Talia@yopmail.com,Rosene.Talia@gmail.com,worker,324,1912-03-20
223,Jemie,Croix,Jemie.Croix@yopmail.com,Jemie.Croix@gmail.com,worker,47,1993-10-01
224,Riannon,Madaih,Riannon.Madaih@yopmail.com,Riannon.Madaih@gmail.com,police officer,564,2004-02-10
225,Danika,Izaak,Danika.Izaak@yopmail.com,Danika.Izaak@gmail.com,worker,854,1993-07-17
226,Sam,Brittani,Sam.Brittani@yopmail.com,Sam.Brittani@gmail.com,firefighter,100,1962-02-17
227,Jackie,Hermes,Jackie.Hermes@yopmail.com,Jackie.Hermes@gmail.com,police officer,956,2003-08-30
228,Brana,Leler,Brana.Leler@yopmail.com,Brana.Leler@gmail.com,firefighter,628,1963-06-01
229,Brooks,Middleton,Brooks.Middleton@yopmail.com,Brooks.Middleton@gmail.com,developer,144,1963-12-18
230,Lyssa,Zenas,Lyssa.Zenas@yopmail.com,Lyssa.Zenas@gmail.com,worker,309,1955-05-13
231,Melisent,Ferino,Melisent.Ferino@yopmail.com,Melisent.Ferino@gmail.com,firefighter,705,1908-11-22
232,Fidelia,Saunderson,Fidelia.Saunderson@yopmail.com,Fidelia.Saunderson@gmail.com,worker,56,1928-10-14
233,Justinn,Jalbert,Justinn.Jalbert@yopmail.com,Justinn.Jalbert@gmail.com,police officer,194,1953-04-24
234,Dari,Joni,Dari.Joni@yopmail.com,Dari.Joni@gmail.com,developer,573,1962-01-12
235,Cathie,Knowling,Cathie.Knowling@yopmail.com,Cathie.Knowling@gmail.com,developer,999,1971-11-25
236,Cissiee,Nore,Cissiee.Nore@yopmail.com,Cissiee.Nore@gmail.com,worker,867,1920-05-20
237,Albertina,Jethro,Albertina.Jethro@yopmail.com,Albertina.Jethro@gmail.com,doctor,746,2014-03-30
238,Eve,Parette,Eve.Parette@yopmail.com,Eve.Parette@gmail.com,developer,183,2006-09-30
239,Ileana,Trey,Ileana.Trey@yopmail.com,Ileana.Trey@gmail.com,firefighter,553,1904-02-03
240,Jaime,Glenden,Jaime.Glenden@yopmail.com,Jaime.Glenden@gmail.com,worker,819,1977-09-23
241,Ingrid,Niccolo,Ingrid.Niccolo@yopmail.com,Ingrid.Niccolo@gmail.com,doctor,109,1908-03-02
242,Lusa,Nunci,Lusa.Nunci@yopmail.com,Lusa.Nunci@gmail.com,firefighter,295,1982-03-17
243,Aurore,Sidonius,Aurore.Sidonius@yopmail.com,Aurore.Sidonius@gmail.com,doctor,59,1951-06-22
244,Basia,Crudden,Basia.Crudden@yopmail.com,Basia.Crudden@gmail.com,doctor,620,1964-11-13
245,Ingrid,Harriman,Ingrid.Harriman@yopmail.com,Ingrid.Harriman@gmail.com,developer,691,1965-10-01
246,Allis,Gaspard,Allis.Gaspard@yopmail.com,Allis.Gaspard@gmail.com,doctor,375,1985-10-31
247,Maisey,Borrell,Maisey.Borrell@yopmail.com,Maisey.Borrell@gmail.com,police officer,824,1928-06-13
248,Claresta,Hachmin,Claresta.Hachmin@yopmail.com,Claresta.Hachmin@gmail.com,doctor,562,1979-05-18
249,Blake,Si,Blake.Si@yopmail.com,Blake.Si@gmail.com,doctor,998,1995-02-20
250,Rayna,Roarke,Rayna.Roarke@yopmail.com,Rayna.Roarke@gmail.com,developer,821,1912-04-05
251,Jeanna,Pacorro,Jeanna.Pacorro@yopmail.com,Jeanna.Pacorro@gmail.com,worker,82,1910-11-28
252,Marcy,Kiyoshi,Marcy.Kiyoshi@yopmail.com,Marcy.Kiyoshi@gmail.com,worker,160,1979-01-24
253,Jerry,Jess,Jerry.Jess@yopmail.com,Jerry.Jess@gmail.com,firefighter,932,2017-12-05
254,Inga,Tristram,Inga.Tristram@yopmail.com,Inga.Tristram@gmail.com,firefighter,160,2003-09-30
255,Dominga,Taima,Dominga.Taima@yopmail.com,Dominga.Taima@gmail.com,police officer,80,1926-08-23
256,Kimmy,Eliathas,Kimmy.Eliathas@yopmail.com,Kimmy.Eliathas@gmail.com,doctor,893,1919-01-10
257,Nyssa,Ventre,Nyssa.Ventre@yopmail.com,Nyssa.Ventre@gmail.com,firefighter,497,1908-11-21
258,Gusty,Hollingsworth,Gusty.Hollingsworth@yopmail.com,Gusty.Hollingsworth@gmail.com,worker,551,1978-10-04
259,Coral,Dielu,Coral.Dielu@yopmail.com,Coral.Dielu@gmail.com,worker,32,1950-01-04
260,Cassondra,Horan,Cassondra.Horan@yopmail.com,Cassondra.Horan@gmail.com,firefighter,709,1958-09-17
261,Elise,Beniamino,Elise.Beniamino@yopmail.com,Elise.Beniamino@gmail.com,developer,25,2000-03-06
262,Joane,Sawtelle,Joane.Sawtelle@yopmail.com,Joane.Sawtelle@gmail.com,police officer,483,1965-11-23
263,Jsandye,Llovera,Jsandye.Llovera@yopmail.com,Jsandye.Llovera@gmail.com,firefighter,529,1968-03-08
264,Meg,Orpah,Meg.Orpah@yopmail.com,Meg.Orpah@gmail.com,worker,316,1916-08-24
265,Jenilee,Shirberg,Jenilee.Shirberg@yopmail.com,Jenilee.Shirberg@gmail.com,firefighter,472,1966-03-01
266,Roxane,Chinua,Roxane.Chinua@yopmail.com,Roxane.Chinua@gmail.com,police officer,483,1998-06-16
267,Elsie,Cosenza,Elsie.Cosenza@yopmail.com,Elsie.Cosenza@gmail.com,developer,862,1966-08-09
268,Sybille,Vale,Sybille.Vale@yopmail.com,Sybille.Vale@gmail.com,firefighter,205,1921-02-20
269,Chandra,Muriel,Chandra.Muriel@yopmail.com,Chandra.Muriel@gmail.com,firefighter,400,1937-11-23
270,Ariela,Donell,Ariela.Donell@yopmail.com,Ariela.Donell@gmail.com,doctor,961,1921-09-13
271,Emylee,Concha,Emylee.Concha@yopmail.com,Emylee.Concha@gmail.com,firefighter,613,2018-09-09
272,Ivett,Heisel,Ivett.Heisel@yopmail.com,Ivett.Heisel@gmail.com,worker,287,1950-07-26
273,Ginnie,Goode,Ginnie.Goode@yopmail.com,Ginnie.Goode@gmail.com,developer,718,1959-01-14
274,Jaclyn,Ophelia,Jaclyn.Ophelia@yopmail.com,Jaclyn.Ophelia@gmail.com,doctor,16,1972-07-10
275,Addia,Erb,Addia.Erb@yopmail.com,Addia.Erb@gmail.com,police officer,103,1913-02-23
276,Dagmar,Cadmar,Dagmar.Cadmar@yopmail.com,Dagmar.Cadmar@gmail.com,worker,3,1918-01-02
277,Debee,Dudley,Debee.Dudley@yopmail.com,Debee.Dudley@gmail.com,doctor,431,1967-09-03
278,Mariann,Charity,Mariann.Charity@yopmail.com,Mariann.Charity@gmail.com,police officer,983,1920-07-07
279,June,Kunin,June.Kunin@yopmail.com,June.Kunin@gmail.com,doctor,11,1979-01-05
280,Kial,Sabella,Kial.Sabella@yopmail.com,Kial.Sabella@gmail.com,doctor,720,2012-12-29
281,Merrie,Neils,Merrie.Neils@yopmail.com,Merrie.Neils@gmail.com,worker,528,2008-08-18
282,Vinita,Wadell,Vinita.Wadell@yopmail.com,Vinita.Wadell@gmail.com,police officer,728,1924-04-04
283,Ricky,Goerke,Ricky.Goerke@yopmail.com,Ricky.Goerke@gmail.com,police officer,686,1917-05-01
284,Kenna,Podvin,Kenna.Podvin@yopmail.com,Kenna.Podvin@gmail.com,police officer,830,1942-06-24
285,Minne,Dowski,Minne.Dowski@yopmail.com,Minne.Dowski@gmail.com,police officer,737,1940-04-21
286,Shaine,Glenden,Shaine.Glenden@yopmail.com,Shaine.Glenden@gmail.com,developer,735,2011-09-12
287,Louella,Harned,Louella.Harned@yopmail.com,Louella.Harned@gmail.com,worker,940,1998-05-24
288,Caritta,Sammons,Caritta.Sammons@yopmail.com,Caritta.Sammons@gmail.com,doctor,371,1923-05-19
289,Teddie,Charity,Teddie.Charity@yopmail.com,Teddie.Charity@gmail.com,doctor,648,1921-12-31
290,Korrie,Colyer,Korrie.Colyer@yopmail.com,Korrie.Colyer@gmail.com,developer,667,1948-07-01
291,Barbara,Rustice,Barbara.Rustice@yopmail.com,Barbara.Rustice@gmail.com,worker,460,1988-07-02
292,Ileana,Vary,Ileana.Vary@yopmail.com,Ileana.Vary@gmail.com,firefighter,3,1968-09-20
293,Linzy,Septima,Linzy.Septima@yopmail.com,Linzy.Septima@gmail.com,worker,539,1937-04-13
294,Courtnay,Pacorro,Courtnay.Pacorro@yopmail.com,Courtnay.Pacorro@gmail.com,police officer,51,1972-11-27
295,Cecile,Auberbach,Cecile.Auberbach@yopmail.com,Cecile.Auberbach@gmail.com,firefighter,139,1902-04-16
296,Darlleen,Kylander,Darlleen.Kylander@yopmail.com,Darlleen.Kylander@gmail.com,firefighter,766,2009-07-13
297,Gratia,Bashemeth,Gratia.Bashemeth@yopmail.com,Gratia.Bashemeth@gmail.com,firefighter,423,1920-09-04
298,Adele,Parsaye,Adele.Parsaye@yopmail.com,Adele.Parsaye@gmail.com,developer,937,1982-03-09
299,Mireielle,Schroth,Mireielle.Schroth@yopmail.com,Mireielle.Schroth@gmail.com,worker,173,2001-09-07
300,Dennie,Leonard,Dennie.Leonard@yopmail.com,Dennie.Leonard@gmail.com,developer,151,2001-05-14
301,Jillayne,Sikorski,Jillayne.Sikorski@yopmail.com,Jillayne.Sikorski@gmail.com,police officer,958,1984-03-14
302,Zia,Egbert,Zia.Egbert@yopmail.com,Zia.Egbert@gmail.com,police officer,269,1956-08-10
303,Florencia,Vorster,Florencia.Vorster@yopmail.com,Florencia.Vorster@gmail.com,firefighter,639,1982-01-01
304,Caryl,Donoghue,Caryl.Donoghue@yopmail.com,Caryl.Donoghue@gmail.com,developer,768,1900-05-21
305,Nanete,Baptlsta,Nanete.Baptlsta@yopmail.com,Nanete.Baptlsta@gmail.com,firefighter,852,1922-10-17
306,Alyssa,Redmond,Alyssa.Redmond@yopmail.com,Alyssa.Redmond@gmail.com,worker,181,1932-10-10
307,Layla,Cavan,Layla.Cavan@yopmail.com,Layla.Cavan@gmail.com,police officer,765,1905-08-24
308,Vevay,Meter,Vevay.Meter@yopmail.com,Vevay.Meter@gmail.com,doctor,113,1965-02-21
309,Allyce,Johanna,Allyce.Johanna@yopmail.com,Allyce.Johanna@gmail.com,worker,705,1911-01-08
310,Jenda,Vivle,Jenda.Vivle@yopmail.com,Jenda.Vivle@gmail.com,firefighter,534,2011-07-15
311,Kathi,Quinn,Kathi.Quinn@yopmail.com,Kathi.Quinn@gmail.com,firefighter,182,1998-03-26
312,Celisse,Gino,Celisse.Gino@yopmail.com,Celisse.Gino@gmail.com,worker,677,1966-03-22
313,Ronna,Bendick,Ronna.Bendick@yopmail.com,Ronna.Bendick@gmail.com,developer,230,1932-08-17
314,Merrie,Isacco,Merrie.Isacco@yopmail.com,Merrie.Isacco@gmail.com,firefighter,934,1931-12-15
315,Ellette,Dosia,Ellette.Dosia@yopmail.com,Ellette.Dosia@gmail.com,worker,408,1978-02-17
316,Edyth,Sharl,Edyth.Sharl@yopmail.com,Edyth.Sharl@gmail.com,developer,481,1946-10-14
317,Maryellen,Riordan,Maryellen.Riordan@yopmail.com,Maryellen.Riordan@gmail.com,firefighter,379,2016-09-18
318,Arabel,Deegan,Arabel.Deegan@yopmail.com,Arabel.Deegan@gmail.com,doctor,439,1944-04-01
319,Corina,O'Rourke,Corina.O'Rourke@yopmail.com,Corina.O'Rourke@gmail.com,firefighter,174,1976-06-14
320,Gale,Merat,Gale.Merat@yopmail.com,Gale.Merat@gmail.com,police officer,320,2004-04-03
321,Lucille,Adamsen,Lucille.Adamsen@yopmail.com,Lucille.Adamsen@gmail.com,doctor,83,1902-12-29
322,Myriam,Adlare,Myriam.Adlare@yopmail.com,Myriam.Adlare@gmail.com,doctor,136,1965-12-01
323,Elie,Rillings,Elie.Rillings@yopmail.com,Elie.Rillings@gmail.com,firefighter,762,2005-01-14
324,Cherrita,Old,Cherrita.Old@yopmail.com,Cherrita.Old@gmail.com,doctor,559,1933-01-24
325,Marti,Loeb,Marti.Loeb@yopmail.com,Marti.Loeb@gmail.com,firefighter,726,1927-03-02
326,Rochette,Masao,Rochette.Masao@yopmail.com,Rochette.Masao@gmail.com,firefighter,245,1928-05-18
327,Gwenneth,Lanita,Gwenneth.Lanita@yopmail.com,Gwenneth.Lanita@gmail.com,police officer,769,1954-03-03
328,Ivett,Tyson,Ivett.Tyson@yopmail.com,Ivett.Tyson@gmail.com,developer,812,1990-04-10
329,Tybie,Philipp,Tybie.Philipp@yopmail.com,Tybie.Philipp@gmail.com,developer,516,1956-01-20
330,Alex,Dyche,Alex.Dyche@yopmail.com,Alex.Dyche@gmail.com,police officer,552,1951-07-01
331,Wilma,Cleo,Wilma.Cleo@yopmail.com,Wilma.Cleo@gmail.com,firefighter,163,1987-05-10
332,Claresta,Frodi,Claresta.Frodi@yopmail.com,Claresta.Frodi@gmail.com,developer,537,2005-07-24
333,Darlleen,Pacorro,Darlleen.Pacorro@yopmail.com,Darlleen.Pacorro@gmail.com,developer,747,1977-11-10
334,Teddie,Mozelle,Teddie.Mozelle@yopmail.com,Teddie.Mozelle@gmail.com,firefighter,278,1949-03-10
335,Sharai,Gwenore,Sharai.Gwenore@yopmail.com,Sharai.Gwenore@gmail.com,firefighter,827,2002-03-14
336,Meghann,Audly,Meghann.Audly@yopmail.com,Meghann.Audly@gmail.com,worker,725,1905-09-30
337,Chastity,Scammon,Chastity.Scammon@yopmail.com,Chastity.Scammon@gmail.com,doctor,439,1984-11-08
338,Aubrie,Ledah,Aubrie.Ledah@yopmail.com,Aubrie.Ledah@gmail.com,firefighter,123,1965-12-16
339,Lita,Oriana,Lita.Oriana@yopmail.com,Lita.Oriana@gmail.com,doctor,955,1958-08-03
340,Juliane,Ludewig,Juliane.Ludewig@yopmail.com,Juliane.Ludewig@gmail.com,firefighter,699,1975-09-10
341,Therine,Peti,Therine.Peti@yopmail.com,Therine.Peti@gmail.com,worker,97,1986-08-25
342,Wileen,Abernon,Wileen.Abernon@yopmail.com,Wileen.Abernon@gmail.com,worker,181,1905-01-30
343,Sindee,Rad,Sindee.Rad@yopmail.com,Sindee.Rad@gmail.com,doctor,161,1965-06-10
344,Kore,Japeth,Kore.Japeth@yopmail.com,Kore.Japeth@gmail.com,doctor,123,2013-12-28
345,Tatiania,Mendez,Tatiania.Mendez@yopmail.com,Tatiania.Mendez@gmail.com,worker,993,1938-01-05
346,Brana,Laurianne,Brana.Laurianne@yopmail.com,Brana.Laurianne@gmail.com,police officer,14,1972-01-28
347,Olwen,Kenwood,Olwen.Kenwood@yopmail.com,Olwen.Kenwood@gmail.com,doctor,672,1954-04-03
348,Fanchon,Francyne,Fanchon.Francyne@yopmail.com,Fanchon.Francyne@gmail.com,police officer,456,1996-08-31
349,Elvira,Parette,Elvira.Parette@yopmail.com,Elvira.Parette@gmail.com,firefighter,172,1926-01-13
350,Chastity,Berl,Chastity.Berl@yopmail.com,Chastity.Berl@gmail.com,developer,518,1991-05-29
351,Julieta,Middleton,Julieta.Middleton@yopmail.com,Julieta.Middleton@gmail.com,worker,843,2010-10-20
352,Lita,Pernick,Lita.Pernick@yopmail.com,Lita.Pernick@gmail.com,firefighter,389,1961-03-19
353,Marika,Stover,Marika.Stover@yopmail.com,Marika.Stover@gmail.com,worker,873,1959-12-15
354,Christy,Bartlett,Christy.Bartlett@yopmail.com,Christy.Bartlett@gmail.com,developer,169,1905-12-19
355,Janeczka,Georas,Janeczka.Georas@yopmail.com,Janeczka.Georas@gmail.com,developer,553,1977-11-17
356,Lucille,McNully,Lucille.McNully@yopmail.com,Lucille.McNully@gmail.com,worker,601,1931-07-14
357,Letizia,Leffen,Letizia.Leffen@yopmail.com,Letizia.Leffen@gmail.com,developer,664,1965-05-20
358,Renie,Orpah,Renie.Orpah@yopmail.com,Renie.Orpah@gmail.com,developer,392,1917-11-13
359,Konstance,Hirsch,Konstance.Hirsch@yopmail.com,Konstance.Hirsch@gmail.com,doctor,786,1972-06-15
360,Mary,Brenn,Mary.Brenn@yopmail.com,Mary.Brenn@gmail.com,doctor,513,1900-03-06
361,Jemie,Wallis,Jemie.Wallis@yopmail.com,Jemie.Wallis@gmail.com,worker,512,1999-01-04
362,Orsola,Ambrosia,Orsola.Ambrosia@yopmail.com,Orsola.Ambrosia@gmail.com,police officer,773,1944-11-07
363,Romona,Bluh,Romona.Bluh@yopmail.com,Romona.Bluh@gmail.com,doctor,887,1955-12-14
364,Hildegaard,Sidonius,Hildegaard.Sidonius@yopmail.com,Hildegaard.Sidonius@gmail.com,worker,335,1980-07-28
365,Nonnah,Glovsky,Nonnah.Glovsky@yopmail.com,Nonnah.Glovsky@gmail.com,police officer,632,1977-09-08
366,Chickie,Cordi,Chickie.Cordi@yopmail.com,Chickie.Cordi@gmail.com,worker,923,1997-04-09
367,Nanete,Jalbert,Nanete.Jalbert@yopmail.com,Nanete.Jalbert@gmail.com,worker,506,1968-06-20
368,Correy,Estella,Correy.Estella@yopmail.com,Correy.Estella@gmail.com,worker,883,1972-11-02
369,Paule,Toor,Paule.Toor@yopmail.com,Paule.Toor@gmail.com,developer,362,1912-05-20
370,Corene,Fiester,Corene.Fiester@yopmail.com,Corene.Fiester@gmail.com,worker,16,2008-08-19
371,Minda,Bord,Minda.Bord@yopmail.com,Minda.Bord@gmail.com,developer,760,1972-09-15
372,Zaria,Rocray,Zaria.Rocray@yopmail.com,Zaria.Rocray@gmail.com,firefighter,405,1922-03-18
373,Wilma,Ruvolo,Wilma.Ruvolo@yopmail.com,Wilma.Ruvolo@gmail.com,developer,776,1908-07-18
374,Lynea,Jaylene,Lynea.Jaylene@yopmail.com,Lynea.Jaylene@gmail.com,developer,170,1909-07-06
375,Jackie,Ethban,Jackie.Ethban@yopmail.com,Jackie.Ethban@gmail.com,police officer,827,2019-10-24
376,Jerry,Gaspard,Jerry.Gaspard@yopmail.com,Jerry.Gaspard@gmail.com,worker,704,2013-04-07
377,Mara,Redmond,Mara.Redmond@yopmail.com,Mara.Redmond@gmail.com,police officer,913,1905-02-09
378,Verla,Teddman,Verla.Teddman@yopmail.com,Verla.Teddman@gmail.com,worker,376,1995-01-18
379,Ardys,Haymes,Ardys.Haymes@yopmail.com,Ardys.Haymes@gmail.com,developer,407,1985-05-18
380,Debee,Minetta,Debee.Minetta@yopmail.com,Debee.Minetta@gmail.com,firefighter,460,1911-10-21
381,Wilma,Macey,Wilma.Macey@yopmail.com,Wilma.Macey@gmail.com,developer,690,1965-05-07
382,Dolli,Hieronymus,Dolli.Hieronymus@yopmail.com,Dolli.Hieronymus@gmail.com,developer,269,1904-05-01
383,Claudina,Garrison,Claudina.Garrison@yopmail.com,Claudina.Garrison@gmail.com,doctor,662,1904-08-24
384,Marti,Hachmin,Marti.Hachmin@yopmail.com,Marti.Hachmin@gmail.com,firefighter,54,1951-10-14
385,Cassandra,Wilkinson,Cassandra.Wilkinson@yopmail.com,Cassandra.Wilkinson@gmail.com,police officer,236,1993-03-14
386,Rosabelle,Yuille,Rosabelle.Yuille@yopmail.com,Rosabelle.Yuille@gmail.com,doctor,587,1900-06-10
387,Amara,Destinee,Amara.Destinee@yopmail.com,Amara.Destinee@gmail.com,doctor,709,1928-07-24
388,Talya,Margret,Talya.Margret@yopmail.com,Talya.Margret@gmail.com,police officer,152,2014-04-22
389,Nessie,Boycey,Nessie.Boycey@yopmail.com,Nessie.Boycey@gmail.com,doctor,487,1958-06-24
390,Janeczka,Junie,Janeczka.Junie@yopmail.com,Janeczka.Junie@gmail.com,developer,43,1935-04-10
391,Helena,Stilwell,Helena.Stilwell@yopmail.com,Helena.Stilwell@gmail.com,doctor,628,1906-01-16
392,Chastity,Charity,Chastity.Charity@yopmail.com,Chastity.Charity@gmail.com,police officer,769,1934-01-04
393,Yvonne,Loring,Yvonne.Loring@yopmail.com,Yvonne.Loring@gmail.com,firefighter,933,1956-07-18
394,Minda,Faria,Minda.Faria@yopmail.com,Minda.Faria@gmail.com,worker,740,2017-10-25
395,Teddie,Japeth,Teddie.Japeth@yopmail.com,Teddie.Japeth@gmail.com,developer,648,1932-09-28
396,Leeanne,Telfer,Leeanne.Telfer@yopmail.com,Leeanne.Telfer@gmail.com,firefighter,588,1961-11-29
397,Dennie,Haldas,Dennie.Haldas@yopmail.com,Dennie.Haldas@gmail.com,worker,488,1957-06-04
398,Penelopa,Cavan,Penelopa.Cavan@yopmail.com,Penelopa.Cavan@gmail.com,firefighter,722,1914-03-18
399,Anthia,Sawtelle,Anthia.Sawtelle@yopmail.com,Anthia.Sawtelle@gmail.com,developer,959,1983-10-20
400,Sharai,Strephon,Sharai.Strephon@yopmail.com,Sharai.Strephon@gmail.com,developer,410,1970-06-17
401,Amalie,Natalia,Amalie.Natalia@yopmail.com,Amalie.Natalia@gmail.com,worker,151,1929-10-08
402,Dominga,August,Dominga.August@yopmail.com,Dominga.August@gmail.com,doctor,305,2016-07-03
403,Tarra,Dorothy,Tarra.Dorothy@yopmail.com,Tarra.Dorothy@gmail.com,worker,726,1978-09-30
404,Kerrin,Infield,Kerrin.Infield@yopmail.com,Kerrin.Infield@gmail.com,developer,621,2009-11-25
405,Elsie,Campball,Elsie.Campball@yopmail.com,Elsie.Campball@gmail.com,worker,98,1921-05-13
406,Ronna,Magnolia,Ronna.Magnolia@yopmail.com,Ronna.Magnolia@gmail.com,police officer,312,1919-02-04
407,Lanna,Vary,Lanna.Vary@yopmail.com,Lanna.Vary@gmail.com,doctor,937,1915-04-23
408,Tina,Pulsifer,Tina.Pulsifer@yopmail.com,Tina.Pulsifer@gmail.com,firefighter,673,1945-02-16
409,Willetta,Glovsky,Willetta.Glovsky@yopmail.com,Willetta.Glovsky@gmail.com,police officer,598,1983-05-31
410,Queenie,Dreda,Queenie.Dreda@yopmail.com,Queenie.Dreda@gmail.com,police officer,200,1947-06-21
411,Brianna,Lory,Brianna.Lory@yopmail.com,Brianna.Lory@gmail.com,worker,735,2013-11-19
412,Genevra,Schwejda,Genevra.Schwejda@yopmail.com,Genevra.Schwejda@gmail.com,worker,792,2014-10-27
413,Tierney,Goldina,Tierney.Goldina@yopmail.com,Tierney.Goldina@gmail.com,worker,622,1995-04-02
414,Letizia,Parette,Letizia.Parette@yopmail.com,Letizia.Parette@gmail.com,firefighter,662,2017-07-27
415,Alexine,Gavrila,Alexine.Gavrila@yopmail.com,Alexine.Gavrila@gmail.com,developer,179,1921-12-12
416,Gilligan,Jalbert,Gilligan.Jalbert@yopmail.com,Gilligan.Jalbert@gmail.com,firefighter,652,1973-05-12
417,Lauryn,Radu,Lauryn.Radu@yopmail.com,Lauryn.Radu@gmail.com,developer,717,1974-06-23
418,Cyb,Phyllis,Cyb.Phyllis@yopmail.com,Cyb.Phyllis@gmail.com,police officer,984,1953-02-12
419,Thalia,Loeb,Thalia.Loeb@yopmail.com,Thalia.Loeb@gmail.com,developer,831,1933-05-10
420,Carolina,Saunderson,Carolina.Saunderson@yopmail.com,Carolina.Saunderson@gmail.com,police officer,461,1927-04-28
421,Michaelina,Pauly,Michaelina.Pauly@yopmail.com,Michaelina.Pauly@gmail.com,worker,642,2012-08-24
422,Shell,Phi,Shell.Phi@yopmail.com,Shell.Phi@gmail.com,worker,602,1939-06-20
423,Alleen,Rubie,Alleen.Rubie@yopmail.com,Alleen.Rubie@gmail.com,firefighter,347,1969-11-15
424,Vonny,Letsou,Vonny.Letsou@yopmail.com,Vonny.Letsou@gmail.com,doctor,378,1978-12-04
425,Jacquetta,Ade,Jacquetta.Ade@yopmail.com,Jacquetta.Ade@gmail.com,firefighter,59,1944-01-07
426,Cassandra,Evangelia,Cassandra.Evangelia@yopmail.com,Cassandra.Evangelia@gmail.com,firefighter,289,1917-02-17
427,Fred,Means,Fred.Means@yopmail.com,Fred.Means@gmail.com,developer,114,1996-01-02
428,Marguerite,Lowry,Marguerite.Lowry@yopmail.com,Marguerite.Lowry@gmail.com,police officer,720,1960-04-01
429,Gusella,Bollay,Gusella.Bollay@yopmail.com,Gusella.Bollay@gmail.com,doctor,756,1984-10-08
430,Aimil,Sherrie,Aimil.Sherrie@yopmail.com,Aimil.Sherrie@gmail.com,worker,948,1992-01-17
431,Mariele,Claudine,Mariele.Claudine@yopmail.com,Mariele.Claudine@gmail.com,developer,536,1907-11-22
432,Orelia,Durante,Orelia.Durante@yopmail.com,Orelia.Durante@gmail.com,firefighter,180,2014-11-04
433,Darlleen,Ilka,Darlleen.Ilka@yopmail.com,Darlleen.Ilka@gmail.com,developer,812,1940-12-11
434,Gilligan,Faria,Gilligan.Faria@yopmail.com,Gilligan.Faria@gmail.com,police officer,399,1994-10-29
435,Ardeen,Lorenz,Ardeen.Lorenz@yopmail.com,Ardeen.Lorenz@gmail.com,doctor,966,1903-11-12
436,Sidoney,Ries,Sidoney.Ries@yopmail.com,Sidoney.Ries@gmail.com,firefighter,467,1977-03-31
437,Jorry,Marisa,Jorry.Marisa@yopmail.com,Jorry.Marisa@gmail.com,firefighter,363,1980-04-24
438,Agathe,Destinee,Agathe.Destinee@yopmail.com,Agathe.Destinee@gmail.com,developer,519,2007-04-14
439,Kathi,Zaslow,Kathi.Zaslow@yopmail.com,Kathi.Zaslow@gmail.com,doctor,194,1918-03-30
440,Bettine,Helve,Bettine.Helve@yopmail.com,Bettine.Helve@gmail.com,police officer,461,1954-09-10
441,Anica,Cherianne,Anica.Cherianne@yopmail.com,Anica.Cherianne@gmail.com,police officer,394,2006-09-21
442,Arlena,Syd,Arlena.Syd@yopmail.com,Arlena.Syd@gmail.com,developer,904,1907-06-14
443,Cherrita,Maples,Cherrita.Maples@yopmail.com,Cherrita.Maples@gmail.com,doctor,741,1953-11-04
444,Carree,Marcellus,Carree.Marcellus@yopmail.com,Carree.Marcellus@gmail.com,worker,624,2014-07-27
445,Jenilee,Alfons,Jenilee.Alfons@yopmail.com,Jenilee.Alfons@gmail.com,worker,82,1929-04-30
446,Amelia,Bertold,Amelia.Bertold@yopmail.com,Amelia.Bertold@gmail.com,worker,476,1966-08-02
447,Krystle,Eachern,Krystle.Eachern@yopmail.com,Krystle.Eachern@gmail.com,worker,803,1962-09-03
448,Rochette,Thad,Rochette.Thad@yopmail.com,Rochette.Thad@gmail.com,police officer,172,1926-12-08
449,Jacenta,Felizio,Jacenta.Felizio@yopmail.com,Jacenta.Felizio@gmail.com,doctor,738,1965-04-21
450,Ayn,Holtz,Ayn.Holtz@yopmail.com,Ayn.Holtz@gmail.com,firefighter,362,1925-05-26
451,Teddie,Tayib,Teddie.Tayib@yopmail.com,Teddie.Tayib@gmail.com,police officer,685,1976-11-07
452,Drucie,Schalles,Drucie.Schalles@yopmail.com,Drucie.Schalles@gmail.com,firefighter,376,1932-04-26
453,Vita,Mitzi,Vita.Mitzi@yopmail.com,Vita.Mitzi@gmail.com,worker,466,1989-07-08
454,Tressa,Rozanna,Tressa.Rozanna@yopmail.com,Tressa.Rozanna@gmail.com,firefighter,735,1905-04-09
455,Maridel,Bollay,Maridel.Bollay@yopmail.com,Maridel.Bollay@gmail.com,police officer,478,1919-11-22
456,Ardys,Jobi,Ardys.Jobi@yopmail.com,Ardys.Jobi@gmail.com,firefighter,812,1968-09-25
457,Thalia,Wadell,Thalia.Wadell@yopmail.com,Thalia.Wadell@gmail.com,worker,816,1994-10-29
458,Steffane,Janene,Steffane.Janene@yopmail.com,Steffane.Janene@gmail.com,developer,45,2012-07-22
459,Patricia,Infield,Patricia.Infield@yopmail.com,Patricia.Infield@gmail.com,developer,119,1971-01-29
460,Allyce,Rudolph,Allyce.Rudolph@yopmail.com,Allyce.Rudolph@gmail.com,developer,987,1963-02-14
461,Marleah,Deny,Marleah.Deny@yopmail.com,Marleah.Deny@gmail.com,developer,811,1934-07-25
462,Teddie,Lynn,Teddie.Lynn@yopmail.com,Teddie.Lynn@gmail.com,worker,518,1946-05-25
463,Jacenta,Rese,Jacenta.Rese@yopmail.com,Jacenta.Rese@gmail.com,developer,475,1978-04-02
464,Anthia,Bergman,Anthia.Bergman@yopmail.com,Anthia.Bergman@gmail.com,firefighter,44,1907-12-27
465,Katleen,Donell,Katleen.Donell@yopmail.com,Katleen.Donell@gmail.com,doctor,358,1960-10-02
466,Brooks,Cristi,Brooks.Cristi@yopmail.com,Brooks.Cristi@gmail.com,developer,991,1980-10-08
467,Carly,Lanita,Carly.Lanita@yopmail.com,Carly.Lanita@gmail.com,police officer,231,2016-02-25
468,Jacenta,Adore,Jacenta.Adore@yopmail.com,Jacenta.Adore@gmail.com,developer,396,1996-02-20
469,Kalina,Wyn,Kalina.Wyn@yopmail.com,Kalina.Wyn@gmail.com,developer,439,1944-07-01
470,Viviene,Adore,Viviene.Adore@yopmail.com,Viviene.Adore@gmail.com,developer,313,1948-10-02
471,Anica,Dearborn,Anica.Dearborn@yopmail.com,Anica.Dearborn@gmail.com,worker,750,1919-10-10
472,Meriel,Milson,Meriel.Milson@yopmail.com,Meriel.Milson@gmail.com,firefighter,352,1939-04-09
473,Britte,Terencio,Britte.Terencio@yopmail.com,Britte.Terencio@gmail.com,firefighter,850,1916-07-25
474,Rayna,Lauraine,Rayna.Lauraine@yopmail.com,Rayna.Lauraine@gmail.com,worker,89,2015-09-09
475,Selma,Pillsbury,Selma.Pillsbury@yopmail.com,Selma.Pillsbury@gmail.com,firefighter,606,1989-09-21
476,Charissa,Kamaria,Charissa.Kamaria@yopmail.com,Charissa.Kamaria@gmail.com,developer,619,1992-10-21
477,Alyssa,Clara,Alyssa.Clara@yopmail.com,Alyssa.Clara@gmail.com,developer,696,1938-10-31
478,Veda,Claudine,Veda.Claudine@yopmail.com,Veda.Claudine@gmail.com,worker,954,1939-08-17
479,Aili,Nedrud,Aili.Nedrud@yopmail.com,Aili.Nedrud@gmail.com,developer,905,1916-11-08
480,Ezmeralda,Zamora,Ezmeralda.Zamora@yopmail.com,Ezmeralda.Zamora@gmail.com,worker,812,1924-06-08
481,Peri,Raychel,Peri.Raychel@yopmail.com,Peri.Raychel@gmail.com,police officer,682,1947-01-05
482,Beth,Berard,Beth.Berard@yopmail.com,Beth.Berard@gmail.com,developer,534,1981-05-31
483,Kittie,Macey,Kittie.Macey@yopmail.com,Kittie.Macey@gmail.com,doctor,34,2016-05-21
484,Carol-Jean,Anis,Carol-Jean.Anis@yopmail.com,Carol-Jean.Anis@gmail.com,developer,195,1912-09-09
485,Gwyneth,Nedrud,Gwyneth.Nedrud@yopmail.com,Gwyneth.Nedrud@gmail.com,developer,574,1992-06-20
486,Candi,Erb,Candi.Erb@yopmail.com,Candi.Erb@gmail.com,firefighter,49,1955-03-20
487,Therine,Nelsen,Therine.Nelsen@yopmail.com,Therine.Nelsen@gmail.com,doctor,182,1988-04-11
488,Vivia,Talia,Vivia.Talia@yopmail.com,Vivia.Talia@gmail.com,doctor,568,1952-11-05
489,Brietta,Lamoree,Brietta.Lamoree@yopmail.com,Brietta.Lamoree@gmail.com,police officer,39,1987-02-11
490,Lanna,Bearnard,Lanna.Bearnard@yopmail.com,Lanna.Bearnard@gmail.com,firefighter,593,1973-05-13
491,Rochette,Daveta,Rochette.Daveta@yopmail.com,Rochette.Daveta@gmail.com,developer,958,1911-05-20
492,Justinn,Thema,Justinn.Thema@yopmail.com,Justinn.Thema@gmail.com,developer,158,2010-12-01
493,Lanna,Yoko,Lanna.Yoko@yopmail.com,Lanna.Yoko@gmail.com,developer,879,1992-04-17
494,Leanna,Mata,Leanna.Mata@yopmail.com,Leanna.Mata@gmail.com,firefighter,600,1929-04-01
495,Alyda,Zrike,Alyda.Zrike@yopmail.com,Alyda.Zrike@gmail.com,developer,45,2010-02-06
496,Roz,Lorenz,Roz.Lorenz@yopmail.com,Roz.Lorenz@gmail.com,police officer,628,1922-12-30
497,Lucy,Cottle,Lucy.Cottle@yopmail.com,Lucy.Cottle@gmail.com,police officer,625,1962-03-13
498,Melina,Rudolph,Melina.Rudolph@yopmail.com,Melina.Rudolph@gmail.com,doctor,816,1990-02-07
499,Phedra,Brenn,Phedra.Brenn@yopmail.com,Phedra.Brenn@gmail.com,doctor,164,1947-03-11
500,Clarice,Hubert,Clarice.Hubert@yopmail.com,Clarice.Hubert@gmail.com,doctor,848,1959-10-28
501,Marguerite,Urias,Marguerite.Urias@yopmail.com,Marguerite.Urias@gmail.com,police officer,227,1949-02-13
502,Beatriz,Liebermann,Beatriz.Liebermann@yopmail.com,Beatriz.Liebermann@gmail.com,worker,490,1926-08-04
503,Max,Bigner,Max.Bigner@yopmail.com,Max.Bigner@gmail.com,developer,284,2008-10-26
504,Adelle,Cavan,Adelle.Cavan@yopmail.com,Adelle.Cavan@gmail.com,doctor,315,2017-01-09
505,Elie,Koehler,Elie.Koehler@yopmail.com,Elie.Koehler@gmail.com,firefighter,106,1918-12-08
506,Siana,Anestassia,Siana.Anestassia@yopmail.com,Siana.Anestassia@gmail.com,worker,327,1950-12-01
507,Kittie,Imelida,Kittie.Imelida@yopmail.com,Kittie.Imelida@gmail.com,doctor,676,2006-05-06
508,Norine,Beebe,Norine.Beebe@yopmail.com,Norine.Beebe@gmail.com,developer,883,1990-05-10
509,Amelia,Hull,Amelia.Hull@yopmail.com,Amelia.Hull@gmail.com,police officer,562,1937-10-21
510,Hope,Clara,Hope.Clara@yopmail.com,Hope.Clara@gmail.com,worker,168,1987-07-24
511,Clarice,Primalia,Clarice.Primalia@yopmail.com,Clarice.Primalia@gmail.com,worker,929,1962-05-28
512,Robinia,Maurine,Robinia.Maurine@yopmail.com,Robinia.Maurine@gmail.com,doctor,419,1963-07-09
513,Jasmina,Evangelia,Jasmina.Evangelia@yopmail.com,Jasmina.Evangelia@gmail.com,developer,936,1996-02-07
514,Maud,Shaver,Maud.Shaver@yopmail.com,Maud.Shaver@gmail.com,doctor,809,2012-12-23
515,Candi,Yate,Candi.Yate@yopmail.com,Candi.Yate@gmail.com,police officer,965,1943-07-19
516,Cathyleen,Newell,Cathyleen.Newell@yopmail.com,Cathyleen.Newell@gmail.com,doctor,707,2012-05-01
517,Clementine,Fadiman,Clementine.Fadiman@yopmail.com,Clementine.Fadiman@gmail.com,doctor,744,1915-09-13
518,Kathy,Jammal,Kathy.Jammal@yopmail.com,Kathy.Jammal@gmail.com,doctor,659,1990-08-21
519,Fred,Stilwell,Fred.Stilwell@yopmail.com,Fred.Stilwell@gmail.com,worker,973,1964-07-10
520,Xylina,Smitt,Xylina.Smitt@yopmail.com,Xylina.Smitt@gmail.com,doctor,172,1965-08-14
521,Gerianna,Cullin,Gerianna.Cullin@yopmail.com,Gerianna.Cullin@gmail.com,worker,912,1935-01-26
522,Blondelle,Ursulette,Blondelle.Ursulette@yopmail.com,Blondelle.Ursulette@gmail.com,doctor,242,1950-04-13
523,Gusty,Shanley,Gusty.Shanley@yopmail.com,Gusty.Shanley@gmail.com,developer,287,1977-12-12
524,Bee,Madox,Bee.Madox@yopmail.com,Bee.Madox@gmail.com,developer,168,1910-03-12
525,Morganica,Izaak,Morganica.Izaak@yopmail.com,Morganica.Izaak@gmail.com,worker,757,1948-09-09
526,Stacey,Guthrie,Stacey.Guthrie@yopmail.com,Stacey.Guthrie@gmail.com,doctor,330,1996-11-03
527,Mariele,Bevin,Mariele.Bevin@yopmail.com,Mariele.Bevin@gmail.com,worker,700,1940-02-05
528,Desirae,Fiann,Desirae.Fiann@yopmail.com,Desirae.Fiann@gmail.com,doctor,605,1946-06-02
529,Candi,Munn,Candi.Munn@yopmail.com,Candi.Munn@gmail.com,doctor,13,1934-08-14
530,Perry,Cimbura,Perry.Cimbura@yopmail.com,Perry.Cimbura@gmail.com,doctor,957,1992-11-23
531,Dorene,Croix,Dorene.Croix@yopmail.com,Dorene.Croix@gmail.com,doctor,322,1917-12-06
532,Hayley,Merat,Hayley.Merat@yopmail.com,Hayley.Merat@gmail.com,police officer,477,1982-03-15
533,Marika,Gahl,Marika.Gahl@yopmail.com,Marika.Gahl@gmail.com,doctor,936,1961-07-05
534,Neila,Toor,Neila.Toor@yopmail.com,Neila.Toor@gmail.com,firefighter,438,2013-02-09
535,Ada,Celestine,Ada.Celestine@yopmail.com,Ada.Celestine@gmail.com,firefighter,49,1931-03-17
536,Dione,Hamil,Dione.Hamil@yopmail.com,Dione.Hamil@gmail.com,doctor,420,1938-07-31
537,Lindie,Voletta,Lindie.Voletta@yopmail.com,Lindie.Voletta@gmail.com,police officer,152,1999-12-11
538,Fayre,Bearnard,Fayre.Bearnard@yopmail.com,Fayre.Bearnard@gmail.com,developer,588,2012-05-07
539,Merci,Montgomery,Merci.Montgomery@yopmail.com,Merci.Montgomery@gmail.com,worker,284,1990-11-05
540,Sophia,Dearborn,Sophia.Dearborn@yopmail.com,Sophia.Dearborn@gmail.com,doctor,706,1910-01-23
541,Cissiee,Stefa,Cissiee.Stefa@yopmail.com,Cissiee.Stefa@gmail.com,worker,332,2019-08-03
542,Aryn,Darrell,Aryn.Darrell@yopmail.com,Aryn.Darrell@gmail.com,police officer,391,1947-10-20
543,Leona,Fry,Leona.Fry@yopmail.com,Leona.Fry@gmail.com,police officer,921,1932-05-27
544,Glenda,Brian,Glenda.Brian@yopmail.com,Glenda.Brian@gmail.com,developer,416,1972-12-19
545,Nessie,Rooney,Nessie.Rooney@yopmail.com,Nessie.Rooney@gmail.com,doctor,675,1974-08-17
546,Shaylyn,Roche,Shaylyn.Roche@yopmail.com,Shaylyn.Roche@gmail.com,firefighter,583,1937-05-04
547,Bill,Avi,Bill.Avi@yopmail.com,Bill.Avi@gmail.com,developer,834,1908-04-16
548,Perry,Heidt,Perry.Heidt@yopmail.com,Perry.Heidt@gmail.com,developer,737,1981-11-26
549,Arlena,Fairweather,Arlena.Fairweather@yopmail.com,Arlena.Fairweather@gmail.com,police officer,504,1982-02-14
550,Mariann,Lane,Mariann.Lane@yopmail.com,Mariann.Lane@gmail.com,firefighter,963,1967-01-30
551,Olivette,Jaylene,Olivette.Jaylene@yopmail.com,Olivette.Jaylene@gmail.com,developer,950,1911-07-16
552,Chloris,Joni,Chloris.Joni@yopmail.com,Chloris.Joni@gmail.com,police officer,334,1935-07-24
553,Rozele,Fink,Rozele.Fink@yopmail.com,Rozele.Fink@gmail.com,doctor,944,2006-02-01
554,Ana,Wallis,Ana.Wallis@yopmail.com,Ana.Wallis@gmail.com,developer,965,1912-07-29
555,Marcy,Hachmin,Marcy.Hachmin@yopmail.com,Marcy.Hachmin@gmail.com,police officer,371,1987-08-09
556,Jaime,Corilla,Jaime.Corilla@yopmail.com,Jaime.Corilla@gmail.com,firefighter,624,1982-06-03
557,Tera,Berne,Tera.Berne@yopmail.com,Tera.Berne@gmail.com,doctor,958,1956-04-04
558,Eve,Fiester,Eve.Fiester@yopmail.com,Eve.Fiester@gmail.com,developer,690,1950-06-19
559,Vita,Rossner,Vita.Rossner@yopmail.com,Vita.Rossner@gmail.com,developer,287,1909-06-25
560,Wynne,Gaal,Wynne.Gaal@yopmail.com,Wynne.Gaal@gmail.com,worker,658,1902-08-02
561,Henriette,Kannry,Henriette.Kannry@yopmail.com,Henriette.Kannry@gmail.com,worker,635,2015-12-31
562,Alexine,Tjon,Alexine.Tjon@yopmail.com,Alexine.Tjon@gmail.com,doctor,210,1984-02-18
563,Katuscha,Leifeste,Katuscha.Leifeste@yopmail.com,Katuscha.Leifeste@gmail.com,police officer,151,1996-09-09
564,Fidelia,Mendez,Fidelia.Mendez@yopmail.com,Fidelia.Mendez@gmail.com,police officer,234,1921-08-02
565,Kate,Melleta,Kate.Melleta@yopmail.com,Kate.Melleta@gmail.com,developer,214,1996-10-30
566,Celisse,Sholley,Celisse.Sholley@yopmail.com,Celisse.Sholley@gmail.com,doctor,254,2004-09-26
567,Althea,Goth,Althea.Goth@yopmail.com,Althea.Goth@gmail.com,police officer,405,1911-11-07
568,Sashenka,Natalia,Sashenka.Natalia@yopmail.com,Sashenka.Natalia@gmail.com,doctor,813,1975-07-06
569,Nannie,Atcliffe,Nannie.Atcliffe@yopmail.com,Nannie.Atcliffe@gmail.com,firefighter,422,1955-02-21
570,Kristan,Hurley,Kristan.Hurley@yopmail.com,Kristan.Hurley@gmail.com,worker,173,1995-09-01
571,Penelopa,Colyer,Penelopa.Colyer@yopmail.com,Penelopa.Colyer@gmail.com,firefighter,583,2009-11-22
572,Leia,Adalbert,Leia.Adalbert@yopmail.com,Leia.Adalbert@gmail.com,doctor,862,1956-10-21
573,Alejandra,Allina,Alejandra.Allina@yopmail.com,Alejandra.Allina@gmail.com,worker,915,1963-02-05
574,Ana,Bettine,Ana.Bettine@yopmail.com,Ana.Bettine@gmail.com,doctor,312,1918-03-30
575,Helsa,Lumbard,Helsa.Lumbard@yopmail.com,Helsa.Lumbard@gmail.com,developer,472,1990-02-22
576,Corly,Lail,Corly.Lail@yopmail.com,Corly.Lail@gmail.com,developer,700,1910-07-28
577,Karina,Adalbert,Karina.Adalbert@yopmail.com,Karina.Adalbert@gmail.com,worker,9,1914-05-25
578,Elka,Mayeda,Elka.Mayeda@yopmail.com,Elka.Mayeda@gmail.com,doctor,533,1970-01-13
579,Aurore,Himelman,Aurore.Himelman@yopmail.com,Aurore.Himelman@gmail.com,police officer,38,1910-08-24
580,Starla,Warthman,Starla.Warthman@yopmail.com,Starla.Warthman@gmail.com,worker,157,1977-04-08
581,Clary,Pozzy,Clary.Pozzy@yopmail.com,Clary.Pozzy@gmail.com,doctor,348,2006-10-03
582,Margalo,Kaete,Margalo.Kaete@yopmail.com,Margalo.Kaete@gmail.com,developer,386,1903-09-20
583,Deloria,Loleta,Deloria.Loleta@yopmail.com,Deloria.Loleta@gmail.com,doctor,740,1932-04-27
584,Elsie,Edvard,Elsie.Edvard@yopmail.com,Elsie.Edvard@gmail.com,developer,171,1985-02-04
585,Lonnie,Nore,Lonnie.Nore@yopmail.com,Lonnie.Nore@gmail.com,worker,392,1920-11-25
586,Zondra,Jacinda,Zondra.Jacinda@yopmail.com,Zondra.Jacinda@gmail.com,developer,799,1982-02-13
587,Vinita,Germann,Vinita.Germann@yopmail.com,Vinita.Germann@gmail.com,developer,927,1992-06-27
588,Sam,Septima,Sam.Septima@yopmail.com,Sam.Septima@gmail.com,firefighter,280,2015-03-10
589,Sharlene,Telfer,Sharlene.Telfer@yopmail.com,Sharlene.Telfer@gmail.com,developer,748,1990-11-15
590,Merci,Parette,Merci.Parette@yopmail.com,Merci.Parette@gmail.com,police officer,13,1982-09-15
591,Jerry,Saint,Jerry.Saint@yopmail.com,Jerry.Saint@gmail.com,doctor,847,1974-06-06
592,Bibby,Mullane,Bibby.Mullane@yopmail.com,Bibby.Mullane@gmail.com,developer,185,1944-08-15
593,Tressa,Harned,Tressa.Harned@yopmail.com,Tressa.Harned@gmail.com,worker,239,1963-06-30
594,Libbie,Bow,Libbie.Bow@yopmail.com,Libbie.Bow@gmail.com,police officer,674,2010-10-14
595,Dorice,Horan,Dorice.Horan@yopmail.com,Dorice.Horan@gmail.com,firefighter,110,1970-10-31
596,Cassondra,Carmena,Cassondra.Carmena@yopmail.com,Cassondra.Carmena@gmail.com,firefighter,764,1905-06-19
597,Lenna,Gaynor,Lenna.Gaynor@yopmail.com,Lenna.Gaynor@gmail.com,developer,644,1991-01-07
598,Ida,Briney,Ida.Briney@yopmail.com,Ida.Briney@gmail.com,developer,608,1969-09-06
599,Consuela,Cloris,Consuela.Cloris@yopmail.com,Consuela.Cloris@gmail.com,developer,87,1978-04-30
600,Belinda,Jalbert,Belinda.Jalbert@yopmail.com,Belinda.Jalbert@gmail.com,firefighter,364,1978-01-31
601,Bibby,Kathie,Bibby.Kathie@yopmail.com,Bibby.Kathie@gmail.com,firefighter,144,1918-05-31
602,Abbie,Liebermann,Abbie.Liebermann@yopmail.com,Abbie.Liebermann@gmail.com,worker,735,2017-03-03
603,Meriel,Poppy,Meriel.Poppy@yopmail.com,Meriel.Poppy@gmail.com,doctor,887,1913-09-05
604,Amelia,Eugenia,Amelia.Eugenia@yopmail.com,Amelia.Eugenia@gmail.com,worker,750,2011-06-30
605,Winifred,Soneson,Winifred.Soneson@yopmail.com,Winifred.Soneson@gmail.com,developer,380,2000-12-19
606,Mary,Merriott,Mary.Merriott@yopmail.com,Mary.Merriott@gmail.com,developer,740,1959-11-17
607,Kathi,Jarib,Kathi.Jarib@yopmail.com,Kathi.Jarib@gmail.com,firefighter,333,1941-02-18
608,Ingrid,Rodmann,Ingrid.Rodmann@yopmail.com,Ingrid.Rodmann@gmail.com,doctor,425,1954-12-07
609,Valeda,Meli,Valeda.Meli@yopmail.com,Valeda.Meli@gmail.com,doctor,32,2016-11-28
610,Mady,Urania,Mady.Urania@yopmail.com,Mady.Urania@gmail.com,firefighter,276,1902-10-03
611,Clary,Quent,Clary.Quent@yopmail.com,Clary.Quent@gmail.com,worker,778,2007-06-01
612,Eugine,Tarrant,Eugine.Tarrant@yopmail.com,Eugine.Tarrant@gmail.com,worker,925,1918-01-19
613,Leia,O'Rourke,Leia.O'Rourke@yopmail.com,Leia.O'Rourke@gmail.com,doctor,800,1962-11-04
614,Barbara,Whittaker,Barbara.Whittaker@yopmail.com,Barbara.Whittaker@gmail.com,doctor,780,1983-11-17
615,Annice,Mott,Annice.Mott@yopmail.com,Annice.Mott@gmail.com,doctor,624,1930-04-04
616,Nelle,Graig,Nelle.Graig@yopmail.com,Nelle.Graig@gmail.com,police officer,58,1954-11-28
617,Alejandra,Tacye,Alejandra.Tacye@yopmail.com,Alejandra.Tacye@gmail.com,developer,851,1994-10-27
618,Sophia,Richers,Sophia.Richers@yopmail.com,Sophia.Richers@gmail.com,doctor,86,1956-12-23
619,Mara,Westphal,Mara.Westphal@yopmail.com,Mara.Westphal@gmail.com,worker,930,2008-12-05
620,Vivia,Schalles,Vivia.Schalles@yopmail.com,Vivia.Schalles@gmail.com,doctor,816,1943-11-13
621,Winifred,Thunell,Winifred.Thunell@yopmail.com,Winifred.Thunell@gmail.com,police officer,79,1931-10-13
622,Sheelagh,Larochelle,Sheelagh.Larochelle@yopmail.com,Sheelagh.Larochelle@gmail.com,doctor,427,1905-09-24
623,Silvana,Lowry,Silvana.Lowry@yopmail.com,Silvana.Lowry@gmail.com,developer,746,1936-06-06
624,Ethel,Annice,Ethel.Annice@yopmail.com,Ethel.Annice@gmail.com,firefighter,82,2019-05-07
625,Dode,Klemperer,Dode.Klemperer@yopmail.com,Dode.Klemperer@gmail.com,worker,963,1948-07-09
626,Phylis,Karl,Phylis.Karl@yopmail.com,Phylis.Karl@gmail.com,firefighter,915,1938-12-01
627,Cam,Emerson,Cam.Emerson@yopmail.com,Cam.Emerson@gmail.com,worker,809,1978-08-25
628,Kary,Bobbee,Kary.Bobbee@yopmail.com,Kary.Bobbee@gmail.com,worker,139,1918-12-09
629,Merci,Bord,Merci.Bord@yopmail.com,Merci.Bord@gmail.com,police officer,12,1954-11-20
630,Tori,Frendel,Tori.Frendel@yopmail.com,Tori.Frendel@gmail.com,police officer,670,1994-01-01
631,Lucille,Ursulette,Lucille.Ursulette@yopmail.com,Lucille.Ursulette@gmail.com,police officer,237,1998-10-03
632,Candi,Swanhildas,Candi.Swanhildas@yopmail.com,Candi.Swanhildas@gmail.com,firefighter,830,1940-03-27
633,Caressa,Quinn,Caressa.Quinn@yopmail.com,Caressa.Quinn@gmail.com,police officer,565,2011-07-11
634,Vere,Neva,Vere.Neva@yopmail.com,Vere.Neva@gmail.com,doctor,146,1901-02-22
635,Shaylyn,Kesley,Shaylyn.Kesley@yopmail.com,Shaylyn.Kesley@gmail.com,firefighter,682,1931-11-22
636,Valera,Decato,Valera.Decato@yopmail.com,Valera.Decato@gmail.com,doctor,401,2015-07-10
637,Jobi,Allina,Jobi.Allina@yopmail.com,Jobi.Allina@gmail.com,worker,223,1940-03-02
638,Gusty,Kiyoshi,Gusty.Kiyoshi@yopmail.com,Gusty.Kiyoshi@gmail.com,firefighter,231,1971-12-24
639,Dale,Blase,Dale.Blase@yopmail.com,Dale.Blase@gmail.com,developer,784,1999-10-10
640,Margalo,Anestassia,Margalo.Anestassia@yopmail.com,Margalo.Anestassia@gmail.com,police officer,193,1918-06-28
641,Tera,Vins,Tera.Vins@yopmail.com,Tera.Vins@gmail.com,worker,228,1964-08-10
642,Shauna,An,Shauna.An@yopmail.com,Shauna.An@gmail.com,doctor,842,1951-08-15
643,Amalie,Katrine,Amalie.Katrine@yopmail.com,Amalie.Katrine@gmail.com,developer,338,1942-11-29
644,Anthia,Jefferey,Anthia.Jefferey@yopmail.com,Anthia.Jefferey@gmail.com,doctor,348,1918-07-02
645,Violet,Zenas,Violet.Zenas@yopmail.com,Violet.Zenas@gmail.com,developer,885,1921-07-15
646,Gisela,Gordon,Gisela.Gordon@yopmail.com,Gisela.Gordon@gmail.com,police officer,575,2015-12-17
647,Madalyn,Luhe,Madalyn.Luhe@yopmail.com,Madalyn.Luhe@gmail.com,firefighter,132,1973-05-25
648,Augustine,Moina,Augustine.Moina@yopmail.com,Augustine.Moina@gmail.com,worker,302,1907-03-13
649,Corry,Alva,Corry.Alva@yopmail.com,Corry.Alva@gmail.com,police officer,941,1932-02-29
650,Ada,Bevin,Ada.Bevin@yopmail.com,Ada.Bevin@gmail.com,developer,621,1965-08-08
651,Harrietta,Idelia,Harrietta.Idelia@yopmail.com,Harrietta.Idelia@gmail.com,police officer,903,2005-01-02
652,Lanna,Hieronymus,Lanna.Hieronymus@yopmail.com,Lanna.Hieronymus@gmail.com,developer,458,1933-06-21
653,Paule,Paine,Paule.Paine@yopmail.com,Paule.Paine@gmail.com,worker,961,1921-12-22
654,Lanae,Jary,Lanae.Jary@yopmail.com,Lanae.Jary@gmail.com,police officer,114,1905-07-03
655,Roseline,Angelis,Roseline.Angelis@yopmail.com,Roseline.Angelis@gmail.com,developer,847,1957-05-25
656,Orsola,Nester,Orsola.Nester@yopmail.com,Orsola.Nester@gmail.com,worker,338,1950-05-04
657,Fernande,Velick,Fernande.Velick@yopmail.com,Fernande.Velick@gmail.com,firefighter,694,1924-02-02
658,Nita,Halla,Nita.Halla@yopmail.com,Nita.Halla@gmail.com,police officer,927,2004-07-12
659,Sallie,Mandler,Sallie.Mandler@yopmail.com,Sallie.Mandler@gmail.com,police officer,587,1941-12-31
660,Beatriz,Dulciana,Beatriz.Dulciana@yopmail.com,Beatriz.Dulciana@gmail.com,police officer,998,1907-12-22
661,Devina,Kalinda,Devina.Kalinda@yopmail.com,Devina.Kalinda@gmail.com,police officer,555,1969-07-06
662,Ethel,Rozanna,Ethel.Rozanna@yopmail.com,Ethel.Rozanna@gmail.com,firefighter,485,1966-05-06
663,Elora,Noam,Elora.Noam@yopmail.com,Elora.Noam@gmail.com,worker,733,2010-09-17
664,Tilly,Meter,Tilly.Meter@yopmail.com,Tilly.Meter@gmail.com,worker,326,2008-01-01
665,Gui,Mauer,Gui.Mauer@yopmail.com,Gui.Mauer@gmail.com,firefighter,573,1945-08-14
666,Rayna,Chandler,Rayna.Chandler@yopmail.com,Rayna.Chandler@gmail.com,developer,510,1981-01-23
667,Hope,Olnee,Hope.Olnee@yopmail.com,Hope.Olnee@gmail.com,police officer,876,1998-02-14
668,Carolina,Fink,Carolina.Fink@yopmail.com,Carolina.Fink@gmail.com,police officer,162,1904-09-01
669,Chastity,Ehrman,Chastity.Ehrman@yopmail.com,Chastity.Ehrman@gmail.com,developer,26,1933-05-03
670,Paola,Roxanna,Paola.Roxanna@yopmail.com,Paola.Roxanna@gmail.com,worker,456,1966-06-28
671,Claudina,Tamsky,Claudina.Tamsky@yopmail.com,Claudina.Tamsky@gmail.com,firefighter,300,1992-06-14
672,Amii,Freddi,Amii.Freddi@yopmail.com,Amii.Freddi@gmail.com,doctor,622,1946-05-15
673,Tabbatha,Gaspard,Tabbatha.Gaspard@yopmail.com,Tabbatha.Gaspard@gmail.com,worker,747,1918-02-26
674,Joy,Old,Joy.Old@yopmail.com,Joy.Old@gmail.com,police officer,515,1942-09-12
675,Selma,Zrike,Selma.Zrike@yopmail.com,Selma.Zrike@gmail.com,worker,434,1924-10-12
676,Rozele,Fiann,Rozele.Fiann@yopmail.com,Rozele.Fiann@gmail.com,worker,637,1921-12-10
677,Fredericka,Stacy,Fredericka.Stacy@yopmail.com,Fredericka.Stacy@gmail.com,police officer,851,1940-10-18
678,Kaja,Halla,Kaja.Halla@yopmail.com,Kaja.Halla@gmail.com,police officer,578,1994-02-12
679,Rosaline,Lowry,Rosaline.Lowry@yopmail.com,Rosaline.Lowry@gmail.com,police officer,602,2011-04-05
680,Winifred,Ade,Winifred.Ade@yopmail.com,Winifred.Ade@gmail.com,firefighter,71,2000-02-26
681,Frieda,Bethany,Frieda.Bethany@yopmail.com,Frieda.Bethany@gmail.com,worker,276,1926-08-30
682,Luci,Iphlgenia,Luci.Iphlgenia@yopmail.com,Luci.Iphlgenia@gmail.com,firefighter,44,2005-11-26
683,Mellicent,Wesle,Mellicent.Wesle@yopmail.com,Mellicent.Wesle@gmail.com,developer,781,2016-02-07
684,Adriana,Seagraves,Adriana.Seagraves@yopmail.com,Adriana.Seagraves@gmail.com,worker,287,1911-10-23
685,Janeczka,Berne,Janeczka.Berne@yopmail.com,Janeczka.Berne@gmail.com,police officer,37,1915-08-09
686,Berta,Thomasina,Berta.Thomasina@yopmail.com,Berta.Thomasina@gmail.com,developer,979,1950-05-07
687,Fanny,Magnolia,Fanny.Magnolia@yopmail.com,Fanny.Magnolia@gmail.com,firefighter,24,1960-07-15
688,Maridel,Lubin,Maridel.Lubin@yopmail.com,Maridel.Lubin@gmail.com,firefighter,668,1991-09-06
689,Gertrud,Weaks,Gertrud.Weaks@yopmail.com,Gertrud.Weaks@gmail.com,police officer,599,1967-04-24
690,Ezmeralda,Schwejda,Ezmeralda.Schwejda@yopmail.com,Ezmeralda.Schwejda@gmail.com,developer,74,1913-10-29
691,Aimil,Aida,Aimil.Aida@yopmail.com,Aimil.Aida@gmail.com,police officer,487,1987-12-01
692,Babita,Bennie,Babita.Bennie@yopmail.com,Babita.Bennie@gmail.com,firefighter,231,1980-09-29
693,Daphne,Erich,Daphne.Erich@yopmail.com,Daphne.Erich@gmail.com,police officer,935,1942-05-13
694,Mara,Horan,Mara.Horan@yopmail.com,Mara.Horan@gmail.com,developer,840,1929-02-14
695,Demetris,Haerr,Demetris.Haerr@yopmail.com,Demetris.Haerr@gmail.com,doctor,271,1976-03-15
696,Ellette,Engdahl,Ellette.Engdahl@yopmail.com,Ellette.Engdahl@gmail.com,firefighter,166,1947-04-04
697,Shirlee,Dunkin,Shirlee.Dunkin@yopmail.com,Shirlee.Dunkin@gmail.com,firefighter,257,1909-02-10
698,Wileen,Neva,Wileen.Neva@yopmail.com,Wileen.Neva@gmail.com,firefighter,262,1971-10-25
699,Maisey,Urias,Maisey.Urias@yopmail.com,Maisey.Urias@gmail.com,firefighter,321,2007-04-08
700,Fanny,Stanwood,Fanny.Stanwood@yopmail.com,Fanny.Stanwood@gmail.com,police officer,183,1975-10-16
701,Brietta,An,Brietta.An@yopmail.com,Brietta.An@gmail.com,doctor,28,1987-09-04
702,Daphne,Jacqui,Daphne.Jacqui@yopmail.com,Daphne.Jacqui@gmail.com,worker,725,1920-08-07
703,Catrina,Soneson,Catrina.Soneson@yopmail.com,Catrina.Soneson@gmail.com,firefighter,265,1926-07-13
704,Alyda,Ardeha,Alyda.Ardeha@yopmail.com,Alyda.Ardeha@gmail.com,firefighter,626,1966-03-07
705,Kayla,Thornburg,Kayla.Thornburg@yopmail.com,Kayla.Thornburg@gmail.com,developer,667,1901-12-17
706,Paule,Kermit,Paule.Kermit@yopmail.com,Paule.Kermit@gmail.com,developer,951,1915-06-03
707,Ira,Bertold,Ira.Bertold@yopmail.com,Ira.Bertold@gmail.com,police officer,381,1953-06-05
708,Marika,Talia,Marika.Talia@yopmail.com,Marika.Talia@gmail.com,firefighter,434,1984-11-03
709,Ekaterina,Barbey,Ekaterina.Barbey@yopmail.com,Ekaterina.Barbey@gmail.com,police officer,484,1942-04-04
710,Maryellen,Codding,Maryellen.Codding@yopmail.com,Maryellen.Codding@gmail.com,worker,784,1911-01-07
711,Jackie,Bach,Jackie.Bach@yopmail.com,Jackie.Bach@gmail.com,police officer,218,1989-03-22
712,Tierney,Kalinda,Tierney.Kalinda@yopmail.com,Tierney.Kalinda@gmail.com,firefighter,212,2013-09-12
713,June,Hortensia,June.Hortensia@yopmail.com,June.Hortensia@gmail.com,developer,31,1920-01-08
714,Jan,Swanhildas,Jan.Swanhildas@yopmail.com,Jan.Swanhildas@gmail.com,police officer,481,1991-12-23
715,Diena,Magdalen,Diena.Magdalen@yopmail.com,Diena.Magdalen@gmail.com,firefighter,159,1968-12-29
716,Valeda,Ummersen,Valeda.Ummersen@yopmail.com,Valeda.Ummersen@gmail.com,worker,538,1904-01-14
717,Kimberley,Rugen,Kimberley.Rugen@yopmail.com,Kimberley.Rugen@gmail.com,doctor,124,1918-10-21
718,Helsa,Camden,Helsa.Camden@yopmail.com,Helsa.Camden@gmail.com,firefighter,388,1958-07-12
719,Gusty,Meter,Gusty.Meter@yopmail.com,Gusty.Meter@gmail.com,worker,571,1929-02-04
720,Nessie,McGrody,Nessie.McGrody@yopmail.com,Nessie.McGrody@gmail.com,firefighter,855,1960-10-24
721,Perry,Byrne,Perry.Byrne@yopmail.com,Perry.Byrne@gmail.com,doctor,492,1950-04-20
722,Kary,Kendrick,Kary.Kendrick@yopmail.com,Kary.Kendrick@gmail.com,police officer,57,2016-01-28
723,Cordi,Berriman,Cordi.Berriman@yopmail.com,Cordi.Berriman@gmail.com,firefighter,788,1938-04-14
724,Violet,Orlene,Violet.Orlene@yopmail.com,Violet.Orlene@gmail.com,developer,25,1915-04-15
725,Anthia,Saunderson,Anthia.Saunderson@yopmail.com,Anthia.Saunderson@gmail.com,police officer,801,1959-07-24
726,Morganica,Allina,Morganica.Allina@yopmail.com,Morganica.Allina@gmail.com,developer,264,1975-02-14
727,Darlleen,Daveta,Darlleen.Daveta@yopmail.com,Darlleen.Daveta@gmail.com,doctor,383,1924-09-29
728,Melanie,Kirstin,Melanie.Kirstin@yopmail.com,Melanie.Kirstin@gmail.com,firefighter,561,1957-10-16
729,Judy,Thar,Judy.Thar@yopmail.com,Judy.Thar@gmail.com,doctor,934,1958-03-24
730,Bettine,Swigart,Bettine.Swigart@yopmail.com,Bettine.Swigart@gmail.com,worker,38,1996-01-19
731,Dominga,Stav,Dominga.Stav@yopmail.com,Dominga.Stav@gmail.com,doctor,839,1996-01-18
732,Dyann,Arvo,Dyann.Arvo@yopmail.com,Dyann.Arvo@gmail.com,developer,923,2012-01-24
733,Carmencita,Lalitta,Carmencita.Lalitta@yopmail.com,Carmencita.Lalitta@gmail.com,doctor,119,1902-02-11
734,Lelah,Love,Lelah.Love@yopmail.com,Lelah.Love@gmail.com,doctor,448,2001-12-16
735,Lilith,Pernick,Lilith.Pernick@yopmail.com,Lilith.Pernick@gmail.com,developer,501,1927-04-16
736,Jordan,Pacorro,Jordan.Pacorro@yopmail.com,Jordan.Pacorro@gmail.com,doctor,888,2016-04-01
737,Claudina,Tamar,Claudina.Tamar@yopmail.com,Claudina.Tamar@gmail.com,doctor,420,1939-12-29
738,Corry,Yate,Corry.Yate@yopmail.com,Corry.Yate@gmail.com,police officer,796,1941-06-27
739,Brynna,Dearborn,Brynna.Dearborn@yopmail.com,Brynna.Dearborn@gmail.com,doctor,496,1999-03-02
740,Cissiee,Lindemann,Cissiee.Lindemann@yopmail.com,Cissiee.Lindemann@gmail.com,worker,111,1946-07-16
741,Marti,Gabrielli,Marti.Gabrielli@yopmail.com,Marti.Gabrielli@gmail.com,worker,220,1985-07-17
742,Fanny,Monaco,Fanny.Monaco@yopmail.com,Fanny.Monaco@gmail.com,doctor,553,1924-04-04
743,Lita,Truc,Lita.Truc@yopmail.com,Lita.Truc@gmail.com,worker,975,1966-03-18
744,Minne,Chrystel,Minne.Chrystel@yopmail.com,Minne.Chrystel@gmail.com,firefighter,33,1956-08-23
745,Charlena,Silvan,Charlena.Silvan@yopmail.com,Charlena.Silvan@gmail.com,developer,957,1947-11-25
746,Fredericka,Jacqui,Fredericka.Jacqui@yopmail.com,Fredericka.Jacqui@gmail.com,worker,17,1925-12-14
747,Arlina,Dulciana,Arlina.Dulciana@yopmail.com,Arlina.Dulciana@gmail.com,police officer,23,1912-07-23
748,Sabina,Colp,Sabina.Colp@yopmail.com,Sabina.Colp@gmail.com,firefighter,126,1977-06-26
749,Konstance,Goerke,Konstance.Goerke@yopmail.com,Konstance.Goerke@gmail.com,firefighter,539,1914-07-31
750,Silvana,Faro,Silvana.Faro@yopmail.com,Silvana.Faro@gmail.com,police officer,63,1995-03-31
751,Glynnis,Radu,Glynnis.Radu@yopmail.com,Glynnis.Radu@gmail.com,developer,418,1960-09-20
752,Jorry,Docilla,Jorry.Docilla@yopmail.com,Jorry.Docilla@gmail.com,worker,66,1963-12-24
753,Janeczka,Donell,Janeczka.Donell@yopmail.com,Janeczka.Donell@gmail.com,doctor,150,1957-06-19
754,Sindee,Rudolph,Sindee.Rudolph@yopmail.com,Sindee.Rudolph@gmail.com,doctor,488,1980-02-09
755,Di,Fredi,Di.Fredi@yopmail.com,Di.Fredi@gmail.com,police officer,636,1907-02-08
756,Jsandye,Arley,Jsandye.Arley@yopmail.com,Jsandye.Arley@gmail.com,developer,803,1917-09-22
757,Brooks,Grobe,Brooks.Grobe@yopmail.com,Brooks.Grobe@gmail.com,developer,582,1943-11-01
758,Renae,Ashok,Renae.Ashok@yopmail.com,Renae.Ashok@gmail.com,developer,729,1932-02-14
759,Blinni,Aurelio,Blinni.Aurelio@yopmail.com,Blinni.Aurelio@gmail.com,police officer,872,1957-09-26
760,Albertina,Corilla,Albertina.Corilla@yopmail.com,Albertina.Corilla@gmail.com,doctor,317,1965-02-25
761,Carree,Roumell,Carree.Roumell@yopmail.com,Carree.Roumell@gmail.com,developer,677,2018-04-12
762,Malina,Pattin,Malina.Pattin@yopmail.com,Malina.Pattin@gmail.com,worker,474,2010-12-03
763,Carmencita,Magdalen,Carmencita.Magdalen@yopmail.com,Carmencita.Magdalen@gmail.com,developer,619,1990-11-22
764,Vevay,Teddman,Vevay.Teddman@yopmail.com,Vevay.Teddman@gmail.com,worker,91,1918-08-11
765,Babita,Cleavland,Babita.Cleavland@yopmail.com,Babita.Cleavland@gmail.com,doctor,512,1996-06-01
766,Lily,Hachmin,Lily.Hachmin@yopmail.com,Lily.Hachmin@gmail.com,worker,23,2000-11-29
767,Clary,Douglass,Clary.Douglass@yopmail.com,Clary.Douglass@gmail.com,doctor,476,1970-11-05
768,Daryl,Noman,Daryl.Noman@yopmail.com,Daryl.Noman@gmail.com,firefighter,83,1904-11-08
769,Marinna,O'Carroll,Marinna.O'Carroll@yopmail.com,Marinna.O'Carroll@gmail.com,developer,600,1987-12-24
770,Merle,Katrine,Merle.Katrine@yopmail.com,Merle.Katrine@gmail.com,worker,72,1947-09-20
771,Anica,Pattin,Anica.Pattin@yopmail.com,Anica.Pattin@gmail.com,doctor,910,2000-10-19
772,Joy,Gombach,Joy.Gombach@yopmail.com,Joy.Gombach@gmail.com,doctor,868,1929-06-08
773,Tami,Dash,Tami.Dash@yopmail.com,Tami.Dash@gmail.com,doctor,153,1930-04-06
774,Cristabel,Buckler,Cristabel.Buckler@yopmail.com,Cristabel.Buckler@gmail.com,worker,926,2001-10-12
775,Merci,Abbot,Merci.Abbot@yopmail.com,Merci.Abbot@gmail.com,developer,114,1989-02-14
776,Emilia,Llovera,Emilia.Llovera@yopmail.com,Emilia.Llovera@gmail.com,developer,882,1979-03-19
777,Ofilia,Martguerita,Ofilia.Martguerita@yopmail.com,Ofilia.Martguerita@gmail.com,firefighter,967,1921-05-25
778,Andree,Christal,Andree.Christal@yopmail.com,Andree.Christal@gmail.com,police officer,635,1994-01-04
779,Tori,Danby,Tori.Danby@yopmail.com,Tori.Danby@gmail.com,police officer,513,1944-09-13
780,Codie,Weide,Codie.Weide@yopmail.com,Codie.Weide@gmail.com,firefighter,574,1963-02-15
781,Melodie,Lia,Melodie.Lia@yopmail.com,Melodie.Lia@gmail.com,firefighter,451,1928-05-13
782,Roslyn,Paine,Roslyn.Paine@yopmail.com,Roslyn.Paine@gmail.com,worker,939,2003-07-12
783,Adriana,Seessel,Adriana.Seessel@yopmail.com,Adriana.Seessel@gmail.com,worker,533,1909-05-28
784,Tiffie,Mandler,Tiffie.Mandler@yopmail.com,Tiffie.Mandler@gmail.com,developer,565,1995-03-03
785,Genovera,Whiffen,Genovera.Whiffen@yopmail.com,Genovera.Whiffen@gmail.com,worker,18,1933-09-01
786,Alejandra,Fulmer,Alejandra.Fulmer@yopmail.com,Alejandra.Fulmer@gmail.com,developer,143,1979-09-22
787,Kial,Knowling,Kial.Knowling@yopmail.com,Kial.Knowling@gmail.com,firefighter,345,2015-10-20
788,Danny,Olnee,Danny.Olnee@yopmail.com,Danny.Olnee@gmail.com,developer,459,1917-12-27
789,Corly,Creamer,Corly.Creamer@yopmail.com,Corly.Creamer@gmail.com,firefighter,829,1903-06-16
790,Sharlene,Wittie,Sharlene.Wittie@yopmail.com,Sharlene.Wittie@gmail.com,developer,917,1980-04-02
791,Mariele,Gabrielli,Mariele.Gabrielli@yopmail.com,Mariele.Gabrielli@gmail.com,doctor,196,1997-11-12
792,Alameda,Chem,Alameda.Chem@yopmail.com,Alameda.Chem@gmail.com,firefighter,369,1919-12-27
793,Nanete,Dowski,Nanete.Dowski@yopmail.com,Nanete.Dowski@gmail.com,developer,992,1906-10-08
794,Tarra,Barrus,Tarra.Barrus@yopmail.com,Tarra.Barrus@gmail.com,developer,921,1968-03-08
795,Mary,Drus,Mary.Drus@yopmail.com,Mary.Drus@gmail.com,firefighter,680,2005-04-04
796,Eve,Christal,Eve.Christal@yopmail.com,Eve.Christal@gmail.com,police officer,402,1950-08-17
797,Kellen,Markman,Kellen.Markman@yopmail.com,Kellen.Markman@gmail.com,police officer,874,1935-09-01
798,Carolina,Kiyoshi,Carolina.Kiyoshi@yopmail.com,Carolina.Kiyoshi@gmail.com,worker,531,1915-01-14
799,Stacey,Munn,Stacey.Munn@yopmail.com,Stacey.Munn@gmail.com,doctor,825,1925-04-26
800,Edyth,Astra,Edyth.Astra@yopmail.com,Edyth.Astra@gmail.com,firefighter,808,1927-12-08
801,Orsola,Vins,Orsola.Vins@yopmail.com,Orsola.Vins@gmail.com,doctor,671,1998-10-01
802,Shell,Sadowski,Shell.Sadowski@yopmail.com,Shell.Sadowski@gmail.com,doctor,220,1941-06-19
803,Melina,Nerita,Melina.Nerita@yopmail.com,Melina.Nerita@gmail.com,worker,264,2008-08-12
804,Stacey,McLaughlin,Stacey.McLaughlin@yopmail.com,Stacey.McLaughlin@gmail.com,police officer,363,1951-11-21
805,Adele,Gilmour,Adele.Gilmour@yopmail.com,Adele.Gilmour@gmail.com,developer,165,1951-06-23
806,Candy,Lissi,Candy.Lissi@yopmail.com,Candy.Lissi@gmail.com,police officer,258,1993-06-23
807,Moyna,Robertson,Moyna.Robertson@yopmail.com,Moyna.Robertson@gmail.com,doctor,623,2004-07-19
808,Albertina,Allina,Albertina.Allina@yopmail.com,Albertina.Allina@gmail.com,police officer,949,1933-03-09
809,Ashlee,Devlen,Ashlee.Devlen@yopmail.com,Ashlee.Devlen@gmail.com,doctor,245,1983-12-14
810,Cam,Paine,Cam.Paine@yopmail.com,Cam.Paine@gmail.com,worker,577,1997-10-12
811,Tomasina,Barney,Tomasina.Barney@yopmail.com,Tomasina.Barney@gmail.com,firefighter,508,1907-07-20
812,Nickie,Anastatius,Nickie.Anastatius@yopmail.com,Nickie.Anastatius@gmail.com,developer,184,2010-10-21
813,Chastity,MacIntosh,Chastity.MacIntosh@yopmail.com,Chastity.MacIntosh@gmail.com,doctor,238,1993-05-26
814,Mady,Haerr,Mady.Haerr@yopmail.com,Mady.Haerr@gmail.com,worker,661,1963-07-18
815,Jinny,Tjon,Jinny.Tjon@yopmail.com,Jinny.Tjon@gmail.com,police officer,178,1950-12-12
816,Correy,Chabot,Correy.Chabot@yopmail.com,Correy.Chabot@gmail.com,police officer,844,1915-09-18
817,Goldie,Casimir,Goldie.Casimir@yopmail.com,Goldie.Casimir@gmail.com,firefighter,506,1904-04-27
818,Ricky,Anis,Ricky.Anis@yopmail.com,Ricky.Anis@gmail.com,doctor,684,1931-03-27
819,Margette,Janith,Margette.Janith@yopmail.com,Margette.Janith@gmail.com,developer,965,2018-06-09
820,Janenna,Uird,Janenna.Uird@yopmail.com,Janenna.Uird@gmail.com,firefighter,305,1928-08-11
821,Carilyn,Lea,Carilyn.Lea@yopmail.com,Carilyn.Lea@gmail.com,developer,163,1937-04-22
822,Maridel,Johanna,Maridel.Johanna@yopmail.com,Maridel.Johanna@gmail.com,police officer,369,2004-02-17
823,Kimberley,Burkle,Kimberley.Burkle@yopmail.com,Kimberley.Burkle@gmail.com,police officer,502,2011-04-24
824,Tilly,Noelyn,Tilly.Noelyn@yopmail.com,Tilly.Noelyn@gmail.com,developer,985,1933-12-12
825,Lanna,Dimitris,Lanna.Dimitris@yopmail.com,Lanna.Dimitris@gmail.com,worker,196,1916-10-16
826,Marti,Pitt,Marti.Pitt@yopmail.com,Marti.Pitt@gmail.com,police officer,191,2010-05-25
827,Nicoli,Yerkovich,Nicoli.Yerkovich@yopmail.com,Nicoli.Yerkovich@gmail.com,developer,833,1985-04-10
828,Blinni,Vivle,Blinni.Vivle@yopmail.com,Blinni.Vivle@gmail.com,police officer,301,1931-03-19
829,Etta,Bonucci,Etta.Bonucci@yopmail.com,Etta.Bonucci@gmail.com,police officer,156,1939-11-01
830,Di,Laverne,Di.Laverne@yopmail.com,Di.Laverne@gmail.com,worker,334,2016-02-16
831,Cam,Madox,Cam.Madox@yopmail.com,Cam.Madox@gmail.com,worker,673,1943-04-13
832,Raina,Freddi,Raina.Freddi@yopmail.com,Raina.Freddi@gmail.com,worker,692,2018-02-11
833,Belinda,Atonsah,Belinda.Atonsah@yopmail.com,Belinda.Atonsah@gmail.com,police officer,415,1946-08-06
834,Mamie,Moseley,Mamie.Moseley@yopmail.com,Mamie.Moseley@gmail.com,worker,406,1975-09-12
835,Wanda,Vivle,Wanda.Vivle@yopmail.com,Wanda.Vivle@gmail.com,doctor,324,1946-03-13
836,Ketti,Nicoline,Ketti.Nicoline@yopmail.com,Ketti.Nicoline@gmail.com,developer,5,1900-02-08
837,Lusa,Libna,Lusa.Libna@yopmail.com,Lusa.Libna@gmail.com,firefighter,453,1999-09-04
838,Merle,Jagir,Merle.Jagir@yopmail.com,Merle.Jagir@gmail.com,worker,780,1922-12-16
839,Marcelline,Rese,Marcelline.Rese@yopmail.com,Marcelline.Rese@gmail.com,police officer,417,1915-04-15
840,Katleen,Linehan,Katleen.Linehan@yopmail.com,Katleen.Linehan@gmail.com,police officer,580,1931-09-28
841,Luci,Maples,Luci.Maples@yopmail.com,Luci.Maples@gmail.com,doctor,665,1982-07-31
842,Anestassia,Arne,Anestassia.Arne@yopmail.com,Anestassia.Arne@gmail.com,firefighter,48,1955-02-02
843,Helsa,Leopold,Helsa.Leopold@yopmail.com,Helsa.Leopold@gmail.com,police officer,507,1905-10-21
844,Barbara,Torray,Barbara.Torray@yopmail.com,Barbara.Torray@gmail.com,developer,12,1906-12-07
845,Claudina,Bevin,Claudina.Bevin@yopmail.com,Claudina.Bevin@gmail.com,police officer,710,1936-12-04
846,Jenilee,Merat,Jenilee.Merat@yopmail.com,Jenilee.Merat@gmail.com,worker,29,1951-01-04
847,Gratia,Tice,Gratia.Tice@yopmail.com,Gratia.Tice@gmail.com,firefighter,917,1977-06-16
848,Eve,Kathie,Eve.Kathie@yopmail.com,Eve.Kathie@gmail.com,doctor,210,2005-01-22
849,Jaclyn,Tristram,Jaclyn.Tristram@yopmail.com,Jaclyn.Tristram@gmail.com,firefighter,789,1932-10-23
850,Robbi,Magdalen,Robbi.Magdalen@yopmail.com,Robbi.Magdalen@gmail.com,firefighter,462,1957-08-05
851,Amalie,Bonilla,Amalie.Bonilla@yopmail.com,Amalie.Bonilla@gmail.com,doctor,862,1929-04-21
852,Jessamyn,Remmer,Jessamyn.Remmer@yopmail.com,Jessamyn.Remmer@gmail.com,worker,821,1936-02-14
853,Britte,Kellby,Britte.Kellby@yopmail.com,Britte.Kellby@gmail.com,developer,674,1912-12-15
854,Kellen,Greenwald,Kellen.Greenwald@yopmail.com,Kellen.Greenwald@gmail.com,police officer,341,1990-02-05
855,Helsa,Brieta,Helsa.Brieta@yopmail.com,Helsa.Brieta@gmail.com,worker,893,1910-07-22
856,Giustina,Kravits,Giustina.Kravits@yopmail.com,Giustina.Kravits@gmail.com,firefighter,156,1915-01-27
857,Oona,Bigner,Oona.Bigner@yopmail.com,Oona.Bigner@gmail.com,police officer,573,1941-01-08
858,Ingrid,Pitt,Ingrid.Pitt@yopmail.com,Ingrid.Pitt@gmail.com,worker,670,1984-12-25
859,Bobinette,Monk,Bobinette.Monk@yopmail.com,Bobinette.Monk@gmail.com,police officer,749,1925-05-10
860,Karina,Uird,Karina.Uird@yopmail.com,Karina.Uird@gmail.com,developer,152,2005-11-22
861,Bernie,Hurley,Bernie.Hurley@yopmail.com,Bernie.Hurley@gmail.com,police officer,846,1963-07-01
862,Briney,Sophronia,Briney.Sophronia@yopmail.com,Briney.Sophronia@gmail.com,police officer,646,1942-07-03
863,Flory,Matthew,Flory.Matthew@yopmail.com,Flory.Matthew@gmail.com,developer,750,1998-04-22
864,Johna,Berriman,Johna.Berriman@yopmail.com,Johna.Berriman@gmail.com,firefighter,361,1918-03-01
865,Elvira,Lemuela,Elvira.Lemuela@yopmail.com,Elvira.Lemuela@gmail.com,developer,100,1986-11-15
866,Daphne,Curren,Daphne.Curren@yopmail.com,Daphne.Curren@gmail.com,police officer,914,1980-02-22
867,Shaylyn,Travax,Shaylyn.Travax@yopmail.com,Shaylyn.Travax@gmail.com,developer,67,2010-09-20
868,Hermione,Shelba,Hermione.Shelba@yopmail.com,Hermione.Shelba@gmail.com,doctor,664,2012-07-15
869,Sibella,Bonilla,Sibella.Bonilla@yopmail.com,Sibella.Bonilla@gmail.com,worker,574,1900-01-25
870,Glenda,Madaih,Glenda.Madaih@yopmail.com,Glenda.Madaih@gmail.com,police officer,700,1974-01-30
871,Tina,Tacye,Tina.Tacye@yopmail.com,Tina.Tacye@gmail.com,developer,826,1900-12-25
872,Ariela,McNully,Ariela.McNully@yopmail.com,Ariela.McNully@gmail.com,worker,941,1978-07-25
873,Jolyn,Harday,Jolyn.Harday@yopmail.com,Jolyn.Harday@gmail.com,doctor,359,1945-09-08
874,Bill,Noelyn,Bill.Noelyn@yopmail.com,Bill.Noelyn@gmail.com,police officer,727,1936-06-10
875,Correy,Jaylene,Correy.Jaylene@yopmail.com,Correy.Jaylene@gmail.com,worker,737,1911-05-24
876,Constance,Land,Constance.Land@yopmail.com,Constance.Land@gmail.com,worker,969,1965-07-22
877,Eolanda,Chick,Eolanda.Chick@yopmail.com,Eolanda.Chick@gmail.com,developer,697,1983-01-24
878,Aigneis,Seessel,Aigneis.Seessel@yopmail.com,Aigneis.Seessel@gmail.com,firefighter,199,1927-10-21
879,Corina,Billye,Corina.Billye@yopmail.com,Corina.Billye@gmail.com,doctor,726,1954-09-11
880,Stevana,Faso,Stevana.Faso@yopmail.com,Stevana.Faso@gmail.com,developer,324,1925-07-17
881,Fernande,Remmer,Fernande.Remmer@yopmail.com,Fernande.Remmer@gmail.com,developer,398,2018-03-27
882,Myrtice,Latini,Myrtice.Latini@yopmail.com,Myrtice.Latini@gmail.com,worker,614,1919-03-30
883,Susette,Hamil,Susette.Hamil@yopmail.com,Susette.Hamil@gmail.com,firefighter,80,1962-11-09
884,Valeda,Judye,Valeda.Judye@yopmail.com,Valeda.Judye@gmail.com,doctor,941,2012-03-16
885,Micheline,Stuart,Micheline.Stuart@yopmail.com,Micheline.Stuart@gmail.com,worker,842,1953-02-09
886,Hannis,Raul,Hannis.Raul@yopmail.com,Hannis.Raul@gmail.com,police officer,53,2003-11-25
887,Cristabel,Adrienne,Cristabel.Adrienne@yopmail.com,Cristabel.Adrienne@gmail.com,police officer,933,1950-06-10
888,Renie,Chandler,Renie.Chandler@yopmail.com,Renie.Chandler@gmail.com,worker,443,1933-08-14
889,Elora,Wyn,Elora.Wyn@yopmail.com,Elora.Wyn@gmail.com,firefighter,814,1996-03-04
890,Joy,Agle,Joy.Agle@yopmail.com,Joy.Agle@gmail.com,police officer,584,1907-07-01
891,Allis,Gillan,Allis.Gillan@yopmail.com,Allis.Gillan@gmail.com,developer,600,1903-12-05
892,Carmela,Ingra,Carmela.Ingra@yopmail.com,Carmela.Ingra@gmail.com,police officer,831,1938-05-22
893,Kamilah,Mehalek,Kamilah.Mehalek@yopmail.com,Kamilah.Mehalek@gmail.com,worker,507,1948-07-11
894,Cindelyn,Lory,Cindelyn.Lory@yopmail.com,Cindelyn.Lory@gmail.com,doctor,937,1985-07-12
895,Glynnis,Kylander,Glynnis.Kylander@yopmail.com,Glynnis.Kylander@gmail.com,worker,216,1936-03-16
896,Leona,Lalitta,Leona.Lalitta@yopmail.com,Leona.Lalitta@gmail.com,firefighter,918,1995-05-22
897,Kittie,Kannry,Kittie.Kannry@yopmail.com,Kittie.Kannry@gmail.com,worker,56,1919-04-17
898,Dode,Jobi,Dode.Jobi@yopmail.com,Dode.Jobi@gmail.com,firefighter,636,1917-12-18
899,Julieta,Corilla,Julieta.Corilla@yopmail.com,Julieta.Corilla@gmail.com,doctor,538,1996-02-08
900,Odessa,Stuart,Odessa.Stuart@yopmail.com,Odessa.Stuart@gmail.com,doctor,415,1972-08-07
901,Jerry,Bashemeth,Jerry.Bashemeth@yopmail.com,Jerry.Bashemeth@gmail.com,worker,200,1987-06-16
902,Leontine,Hunfredo,Leontine.Hunfredo@yopmail.com,Leontine.Hunfredo@gmail.com,developer,330,1958-07-04
903,Shaine,Edison,Shaine.Edison@yopmail.com,Shaine.Edison@gmail.com,worker,979,1995-11-16
904,Andeee,Saint,Andeee.Saint@yopmail.com,Andeee.Saint@gmail.com,doctor,884,2007-10-15
905,Sashenka,Vary,Sashenka.Vary@yopmail.com,Sashenka.Vary@gmail.com,developer,471,1983-05-02
906,Dolli,Atonsah,Dolli.Atonsah@yopmail.com,Dolli.Atonsah@gmail.com,doctor,945,1993-02-17
907,Dolli,Tyson,Dolli.Tyson@yopmail.com,Dolli.Tyson@gmail.com,doctor,595,1960-09-20
908,Nollie,Vharat,Nollie.Vharat@yopmail.com,Nollie.Vharat@gmail.com,worker,931,1990-11-29
909,Dulcinea,Torray,Dulcinea.Torray@yopmail.com,Dulcinea.Torray@gmail.com,doctor,494,2016-03-30
910,Hermione,Suzetta,Hermione.Suzetta@yopmail.com,Hermione.Suzetta@gmail.com,firefighter,88,1954-12-24
911,Sybille,Uird,Sybille.Uird@yopmail.com,Sybille.Uird@gmail.com,doctor,42,1997-04-08
912,Leeanne,Saint,Leeanne.Saint@yopmail.com,Leeanne.Saint@gmail.com,worker,650,1907-09-28
913,Dorothy,Kiyoshi,Dorothy.Kiyoshi@yopmail.com,Dorothy.Kiyoshi@gmail.com,firefighter,371,1918-10-18
914,Caressa,Christal,Caressa.Christal@yopmail.com,Caressa.Christal@gmail.com,developer,451,1948-12-30
915,Nananne,Pandolfi,Nananne.Pandolfi@yopmail.com,Nananne.Pandolfi@gmail.com,firefighter,303,1967-08-29
916,Carmencita,Nerita,Carmencita.Nerita@yopmail.com,Carmencita.Nerita@gmail.com,firefighter,203,1920-04-11
917,Leona,Sekofski,Leona.Sekofski@yopmail.com,Leona.Sekofski@gmail.com,developer,473,1979-11-12
918,Fayre,Koziara,Fayre.Koziara@yopmail.com,Fayre.Koziara@gmail.com,developer,331,1985-01-10
919,Daryl,Edison,Daryl.Edison@yopmail.com,Daryl.Edison@gmail.com,worker,88,1931-08-06
920,Betta,Neva,Betta.Neva@yopmail.com,Betta.Neva@gmail.com,doctor,518,1945-05-22
921,Nollie,Naashom,Nollie.Naashom@yopmail.com,Nollie.Naashom@gmail.com,police officer,614,1990-07-07
922,Di,Sekofski,Di.Sekofski@yopmail.com,Di.Sekofski@gmail.com,doctor,242,1910-03-30
923,Vinita,Thar,Vinita.Thar@yopmail.com,Vinita.Thar@gmail.com,doctor,382,1972-02-06
924,Anallese,Haldas,Anallese.Haldas@yopmail.com,Anallese.Haldas@gmail.com,doctor,476,2003-03-06
925,Talya,Callista,Talya.Callista@yopmail.com,Talya.Callista@gmail.com,doctor,6,1985-01-11
926,Laure,Vale,Laure.Vale@yopmail.com,Laure.Vale@gmail.com,firefighter,78,1943-06-27
927,Cristabel,Mehalek,Cristabel.Mehalek@yopmail.com,Cristabel.Mehalek@gmail.com,police officer,480,2014-10-15
928,Dulcinea,Colyer,Dulcinea.Colyer@yopmail.com,Dulcinea.Colyer@gmail.com,doctor,861,1921-11-30
929,Johna,Berriman,Johna.Berriman@yopmail.com,Johna.Berriman@gmail.com,developer,330,1993-11-10
930,Kirbee,Huggins,Kirbee.Huggins@yopmail.com,Kirbee.Huggins@gmail.com,doctor,75,1961-10-07
931,Doro,Khorma,Doro.Khorma@yopmail.com,Doro.Khorma@gmail.com,worker,180,1993-12-17
932,Leia,Raul,Leia.Raul@yopmail.com,Leia.Raul@gmail.com,doctor,744,1986-11-27
933,Oona,Lane,Oona.Lane@yopmail.com,Oona.Lane@gmail.com,worker,801,1920-07-16
934,Liana,Adamsen,Liana.Adamsen@yopmail.com,Liana.Adamsen@gmail.com,firefighter,262,2019-02-06
935,Rochette,Jotham,Rochette.Jotham@yopmail.com,Rochette.Jotham@gmail.com,worker,584,1913-12-17
936,Vere,Colp,Vere.Colp@yopmail.com,Vere.Colp@gmail.com,firefighter,628,2007-04-12
937,Elie,Cherianne,Elie.Cherianne@yopmail.com,Elie.Cherianne@gmail.com,worker,263,1905-05-15
938,Melanie,Wattenberg,Melanie.Wattenberg@yopmail.com,Melanie.Wattenberg@gmail.com,worker,614,1927-08-12
939,Sharlene,Lanita,Sharlene.Lanita@yopmail.com,Sharlene.Lanita@gmail.com,firefighter,29,1914-07-05
940,Debee,Selway,Debee.Selway@yopmail.com,Debee.Selway@gmail.com,police officer,232,1980-10-10
941,Libbie,Elvyn,Libbie.Elvyn@yopmail.com,Libbie.Elvyn@gmail.com,police officer,787,2008-02-12
942,Konstance,Anderea,Konstance.Anderea@yopmail.com,Konstance.Anderea@gmail.com,police officer,774,1900-05-05
943,Maridel,Marsden,Maridel.Marsden@yopmail.com,Maridel.Marsden@gmail.com,firefighter,195,2008-08-25
944,Cam,Sikorski,Cam.Sikorski@yopmail.com,Cam.Sikorski@gmail.com,worker,911,1919-11-25
945,Margalo,Schroth,Margalo.Schroth@yopmail.com,Margalo.Schroth@gmail.com,worker,953,1922-02-15
946,Olwen,Oscar,Olwen.Oscar@yopmail.com,Olwen.Oscar@gmail.com,firefighter,621,1942-05-29
947,Edee,Bendick,Edee.Bendick@yopmail.com,Edee.Bendick@gmail.com,firefighter,752,1996-04-06
948,Penelopa,Wyn,Penelopa.Wyn@yopmail.com,Penelopa.Wyn@gmail.com,worker,176,2006-05-20
949,Corina,Gert,Corina.Gert@yopmail.com,Corina.Gert@gmail.com,worker,213,2014-06-05
950,Atlanta,Pascia,Atlanta.Pascia@yopmail.com,Atlanta.Pascia@gmail.com,firefighter,760,1996-04-06
951,Vevay,Rugen,Vevay.Rugen@yopmail.com,Vevay.Rugen@gmail.com,worker,477,1987-09-08
952,Dania,Vivle,Dania.Vivle@yopmail.com,Dania.Vivle@gmail.com,firefighter,442,1904-09-03
953,Kristina,Milde,Kristina.Milde@yopmail.com,Kristina.Milde@gmail.com,developer,380,1982-06-24
954,Belinda,Morehouse,Belinda.Morehouse@yopmail.com,Belinda.Morehouse@gmail.com,doctor,709,1980-12-21
955,Amara,Colp,Amara.Colp@yopmail.com,Amara.Colp@gmail.com,worker,214,1920-02-19
956,Carilyn,Swigart,Carilyn.Swigart@yopmail.com,Carilyn.Swigart@gmail.com,police officer,323,2006-07-29
957,Claresta,Mullane,Claresta.Mullane@yopmail.com,Claresta.Mullane@gmail.com,police officer,658,1947-03-30
958,Fayre,Mich,Fayre.Mich@yopmail.com,Fayre.Mich@gmail.com,doctor,915,1969-01-20
959,Dorthy,Hoban,Dorthy.Hoban@yopmail.com,Dorthy.Hoban@gmail.com,developer,316,1969-01-23
960,Amara,Melony,Amara.Melony@yopmail.com,Amara.Melony@gmail.com,doctor,385,1981-01-17
961,Aeriela,Ioab,Aeriela.Ioab@yopmail.com,Aeriela.Ioab@gmail.com,police officer,949,1988-06-11
962,Elsie,Harl,Elsie.Harl@yopmail.com,Elsie.Harl@gmail.com,police officer,837,1970-05-09
963,Vinita,McGrody,Vinita.McGrody@yopmail.com,Vinita.McGrody@gmail.com,developer,451,1996-01-01
964,Brena,Poppy,Brena.Poppy@yopmail.com,Brena.Poppy@gmail.com,worker,316,1958-11-04
965,Corene,Amethist,Corene.Amethist@yopmail.com,Corene.Amethist@gmail.com,doctor,849,2005-05-22
966,Blake,Mauer,Blake.Mauer@yopmail.com,Blake.Mauer@gmail.com,doctor,560,1911-08-12
967,Althea,Anastatius,Althea.Anastatius@yopmail.com,Althea.Anastatius@gmail.com,police officer,770,1989-10-05
968,Amii,Jenness,Amii.Jenness@yopmail.com,Amii.Jenness@gmail.com,developer,36,1909-05-28
969,Patricia,Bahr,Patricia.Bahr@yopmail.com,Patricia.Bahr@gmail.com,police officer,19,1955-02-19
970,Adore,Goode,Adore.Goode@yopmail.com,Adore.Goode@gmail.com,developer,700,1959-12-28
971,Aeriela,Zenas,Aeriela.Zenas@yopmail.com,Aeriela.Zenas@gmail.com,worker,441,1965-03-04
972,Libbie,Myrilla,Libbie.Myrilla@yopmail.com,Libbie.Myrilla@gmail.com,worker,978,1950-07-25
973,Cordi,Holtz,Cordi.Holtz@yopmail.com,Cordi.Holtz@gmail.com,doctor,459,1982-12-12
974,Tamqrah,Standing,Tamqrah.Standing@yopmail.com,Tamqrah.Standing@gmail.com,doctor,228,2006-09-04
975,Dennie,Mozelle,Dennie.Mozelle@yopmail.com,Dennie.Mozelle@gmail.com,developer,793,1928-08-19
976,Sybille,Viddah,Sybille.Viddah@yopmail.com,Sybille.Viddah@gmail.com,doctor,998,1937-12-21
977,Eadie,Grosz,Eadie.Grosz@yopmail.com,Eadie.Grosz@gmail.com,doctor,444,2002-10-11
978,Aryn,Toni,Aryn.Toni@yopmail.com,Aryn.Toni@gmail.com,worker,121,1998-04-12
979,Claudina,Erich,Claudina.Erich@yopmail.com,Claudina.Erich@gmail.com,firefighter,540,1999-01-15
980,Jenda,Fiann,Jenda.Fiann@yopmail.com,Jenda.Fiann@gmail.com,worker,679,1955-10-03
981,Ardys,Clywd,Ardys.Clywd@yopmail.com,Ardys.Clywd@gmail.com,worker,997,1991-11-13
982,Queenie,Stuart,Queenie.Stuart@yopmail.com,Queenie.Stuart@gmail.com,police officer,950,1969-10-11
983,Benita,Roscoe,Benita.Roscoe@yopmail.com,Benita.Roscoe@gmail.com,firefighter,664,2000-07-30
984,Jenilee,Gaspard,Jenilee.Gaspard@yopmail.com,Jenilee.Gaspard@gmail.com,doctor,259,1903-05-11
985,Molli,Rillings,Molli.Rillings@yopmail.com,Molli.Rillings@gmail.com,developer,113,1925-12-05
986,Carlie,Kevon,Carlie.Kevon@yopmail.com,Carlie.Kevon@gmail.com,developer,708,1970-08-23
987,Carlie,Linehan,Carlie.Linehan@yopmail.com,Carlie.Linehan@gmail.com,worker,530,1934-02-11
988,Nickie,Chem,Nickie.Chem@yopmail.com,Nickie.Chem@gmail.com,developer,523,1909-09-08
989,Jenda,Georgy,Jenda.Georgy@yopmail.com,Jenda.Georgy@gmail.com,firefighter,822,1954-12-18
990,Vonny,Huggins,Vonny.Huggins@yopmail.com,Vonny.Huggins@gmail.com,worker,75,1942-12-06
991,Vivia,Sheedy,Vivia.Sheedy@yopmail.com,Vivia.Sheedy@gmail.com,developer,357,1997-09-26
992,Heddie,Carleen,Heddie.Carleen@yopmail.com,Heddie.Carleen@gmail.com,worker,991,2018-09-26
993,Justinn,Dorcy,Justinn.Dorcy@yopmail.com,Justinn.Dorcy@gmail.com,doctor,170,1958-07-31
994,Betta,Bach,Betta.Bach@yopmail.com,Betta.Bach@gmail.com,doctor,587,1947-02-01
995,Courtnay,Shields,Courtnay.Shields@yopmail.com,Courtnay.Shields@gmail.com,worker,367,1960-04-21
996,Trudie,Granoff,Trudie.Granoff@yopmail.com,Trudie.Granoff@gmail.com,worker,111,1922-10-08
997,Ira,Zachary,Ira.Zachary@yopmail.com,Ira.Zachary@gmail.com,doctor,284,2006-07-01
998,Shandie,Devlen,Shandie.Devlen@yopmail.com,Shandie.Devlen@gmail.com,police officer,272,1991-04-11
999,Kimmy,Burnside,Kimmy.Burnside@yopmail.com,Kimmy.Burnside@gmail.com,firefighter,864,1911-06-18
1000,Nyssa,Remmer,Nyssa.Remmer@yopmail.com,Nyssa.Remmer@gmail.com,developer,514,1998-11-08
1001,Lulita,Ax,Lulita.Ax@yopmail.com,Lulita.Ax@gmail.com,doctor,141,2018-03-23
1002,Stevana,Ries,Stevana.Ries@yopmail.com,Stevana.Ries@gmail.com,worker,574,1997-11-05
1003,Addia,Wind,Addia.Wind@yopmail.com,Addia.Wind@gmail.com,doctor,126,1944-08-25
1004,Dorene,Chapland,Dorene.Chapland@yopmail.com,Dorene.Chapland@gmail.com,developer,224,1947-06-22
1005,Alameda,Edvard,Alameda.Edvard@yopmail.com,Alameda.Edvard@gmail.com,police officer,334,1996-06-20
1006,Fina,Mehalek,Fina.Mehalek@yopmail.com,Fina.Mehalek@gmail.com,doctor,781,1936-06-01
1007,Corry,Stuart,Corry.Stuart@yopmail.com,Corry.Stuart@gmail.com,firefighter,40,1982-08-27
1008,Joane,Mayeda,Joane.Mayeda@yopmail.com,Joane.Mayeda@gmail.com,police officer,656,1996-01-27
1009,Marita,Longfellow,Marita.Longfellow@yopmail.com,Marita.Longfellow@gmail.com,firefighter,785,1957-02-14
1010,Justinn,Tatianas,Justinn.Tatianas@yopmail.com,Justinn.Tatianas@gmail.com,developer,188,2004-05-16
1011,Jean,Kirbee,Jean.Kirbee@yopmail.com,Jean.Kirbee@gmail.com,worker,582,1996-05-10
1012,Sonni,Fennessy,Sonni.Fennessy@yopmail.com,Sonni.Fennessy@gmail.com,developer,935,2009-03-14
1013,Merle,Chem,Merle.Chem@yopmail.com,Merle.Chem@gmail.com,worker,800,1913-03-15
1014,Gui,Stefa,Gui.Stefa@yopmail.com,Gui.Stefa@gmail.com,police officer,96,1961-05-07
1015,Melodie,Ax,Melodie.Ax@yopmail.com,Melodie.Ax@gmail.com,developer,555,1920-04-30
1016,Bill,Dichy,Bill.Dichy@yopmail.com,Bill.Dichy@gmail.com,worker,167,1970-07-24
1017,Kathi,Percy,Kathi.Percy@yopmail.com,Kathi.Percy@gmail.com,developer,289,1924-06-16
1018,Betta,Birdella,Betta.Birdella@yopmail.com,Betta.Birdella@gmail.com,developer,547,1970-09-28
1019,Blondelle,Frendel,Blondelle.Frendel@yopmail.com,Blondelle.Frendel@gmail.com,developer,288,2016-09-13
1020,Sarette,Merat,Sarette.Merat@yopmail.com,Sarette.Merat@gmail.com,doctor,211,2004-06-24
1021,Kamilah,Alarise,Kamilah.Alarise@yopmail.com,Kamilah.Alarise@gmail.com,worker,557,1992-12-13
1022,Marika,Krystle,Marika.Krystle@yopmail.com,Marika.Krystle@gmail.com,developer,604,1964-10-22
1023,Jerry,Eliathas,Jerry.Eliathas@yopmail.com,Jerry.Eliathas@gmail.com,worker,792,1998-01-19
1024,Reeba,Ardeha,Reeba.Ardeha@yopmail.com,Reeba.Ardeha@gmail.com,worker,939,1964-12-29
1025,Linet,Garrison,Linet.Garrison@yopmail.com,Linet.Garrison@gmail.com,firefighter,273,1977-08-01
1026,Kayla,McGrody,Kayla.McGrody@yopmail.com,Kayla.McGrody@gmail.com,developer,857,1985-01-28
1027,Kristan,Cassius,Kristan.Cassius@yopmail.com,Kristan.Cassius@gmail.com,police officer,277,1983-01-03
1028,Beatriz,Janene,Beatriz.Janene@yopmail.com,Beatriz.Janene@gmail.com,doctor,835,1966-04-15
1029,Viviene,Zachary,Viviene.Zachary@yopmail.com,Viviene.Zachary@gmail.com,worker,395,1911-01-18
1030,Paulita,Monaco,Paulita.Monaco@yopmail.com,Paulita.Monaco@gmail.com,doctor,132,1963-07-12
1031,Nickie,Ludewig,Nickie.Ludewig@yopmail.com,Nickie.Ludewig@gmail.com,police officer,199,1980-09-01
1032,Annabela,Elephus,Annabela.Elephus@yopmail.com,Annabela.Elephus@gmail.com,firefighter,559,1916-01-21
1033,Cathie,Sheng,Cathie.Sheng@yopmail.com,Cathie.Sheng@gmail.com,doctor,650,1983-08-20
1034,Gerrie,Roumell,Gerrie.Roumell@yopmail.com,Gerrie.Roumell@gmail.com,developer,601,1970-05-21
1035,Ermengarde,Podvin,Ermengarde.Podvin@yopmail.com,Ermengarde.Podvin@gmail.com,doctor,356,1979-07-26
1036,Georgetta,Elo,Georgetta.Elo@yopmail.com,Georgetta.Elo@gmail.com,doctor,557,1978-06-22
1037,Keelia,Bartlett,Keelia.Bartlett@yopmail.com,Keelia.Bartlett@gmail.com,worker,450,1979-12-12
1038,Nessie,Gavrila,Nessie.Gavrila@yopmail.com,Nessie.Gavrila@gmail.com,developer,26,1905-05-01
1039,Frances,Fillbert,Frances.Fillbert@yopmail.com,Frances.Fillbert@gmail.com,worker,63,1967-04-26
1040,Meg,Wooster,Meg.Wooster@yopmail.com,Meg.Wooster@gmail.com,police officer,959,1919-04-07
1041,Jere,Sammons,Jere.Sammons@yopmail.com,Jere.Sammons@gmail.com,developer,447,1924-04-03
1042,Caritta,Seligman,Caritta.Seligman@yopmail.com,Caritta.Seligman@gmail.com,firefighter,742,1944-08-11
1043,Marinna,Shaver,Marinna.Shaver@yopmail.com,Marinna.Shaver@gmail.com,police officer,158,2005-02-11
1044,Angela,Cynar,Angela.Cynar@yopmail.com,Angela.Cynar@gmail.com,firefighter,637,1952-02-26
1045,Jany,Edmund,Jany.Edmund@yopmail.com,Jany.Edmund@gmail.com,worker,352,1992-02-15
1046,Rhoda,Loring,Rhoda.Loring@yopmail.com,Rhoda.Loring@gmail.com,developer,953,1912-07-15
1047,Allis,My,Allis.My@yopmail.com,Allis.My@gmail.com,police officer,979,1973-10-28
1048,Gertrud,Nahum,Gertrud.Nahum@yopmail.com,Gertrud.Nahum@gmail.com,doctor,307,1983-03-12
1049,Modestia,Damarra,Modestia.Damarra@yopmail.com,Modestia.Damarra@gmail.com,firefighter,16,1904-09-13
1050,Darci,Edmund,Darci.Edmund@yopmail.com,Darci.Edmund@gmail.com,doctor,750,1969-01-11
1051,Caryl,Laverne,Caryl.Laverne@yopmail.com,Caryl.Laverne@gmail.com,police officer,675,1956-10-25
1052,Chandra,Pernick,Chandra.Pernick@yopmail.com,Chandra.Pernick@gmail.com,police officer,576,1919-05-01
1053,Ruthe,Junie,Ruthe.Junie@yopmail.com,Ruthe.Junie@gmail.com,firefighter,822,1921-03-08
1054,Nannie,Felecia,Nannie.Felecia@yopmail.com,Nannie.Felecia@gmail.com,police officer,87,1909-04-13
1055,Leia,Marsden,Leia.Marsden@yopmail.com,Leia.Marsden@gmail.com,doctor,212,1901-10-05
1056,Sallie,Amand,Sallie.Amand@yopmail.com,Sallie.Amand@gmail.com,doctor,723,1919-07-22
1057,Sibella,Cynar,Sibella.Cynar@yopmail.com,Sibella.Cynar@gmail.com,police officer,628,1977-07-22
1058,Cissiee,Anyah,Cissiee.Anyah@yopmail.com,Cissiee.Anyah@gmail.com,developer,796,1943-07-18
1059,Elyssa,Zuzana,Elyssa.Zuzana@yopmail.com,Elyssa.Zuzana@gmail.com,worker,484,1915-12-16
1060,Marsiella,Ramona,Marsiella.Ramona@yopmail.com,Marsiella.Ramona@gmail.com,worker,330,2008-11-21
1061,Rayna,Prouty,Rayna.Prouty@yopmail.com,Rayna.Prouty@gmail.com,firefighter,557,1926-11-06
1062,Liana,Kolnick,Liana.Kolnick@yopmail.com,Liana.Kolnick@gmail.com,worker,137,1924-02-07
1063,Bernardine,Joachim,Bernardine.Joachim@yopmail.com,Bernardine.Joachim@gmail.com,developer,865,2019-10-08
1064,Gale,Annabella,Gale.Annabella@yopmail.com,Gale.Annabella@gmail.com,doctor,335,1996-03-30
1065,Doralynne,Huggins,Doralynne.Huggins@yopmail.com,Doralynne.Huggins@gmail.com,worker,608,1982-01-23
1066,Hannis,Maisey,Hannis.Maisey@yopmail.com,Hannis.Maisey@gmail.com,police officer,549,1949-04-23
1067,Maurene,Susannah,Maurene.Susannah@yopmail.com,Maurene.Susannah@gmail.com,doctor,290,1988-09-02
1068,Elora,Chesna,Elora.Chesna@yopmail.com,Elora.Chesna@gmail.com,developer,975,1984-12-26
1069,Carmela,Yorick,Carmela.Yorick@yopmail.com,Carmela.Yorick@gmail.com,worker,541,1902-10-23
1070,Merry,Ruvolo,Merry.Ruvolo@yopmail.com,Merry.Ruvolo@gmail.com,doctor,712,1940-05-08
1071,Pierette,Cadmar,Pierette.Cadmar@yopmail.com,Pierette.Cadmar@gmail.com,developer,447,1952-08-27
1072,Feliza,Standing,Feliza.Standing@yopmail.com,Feliza.Standing@gmail.com,police officer,709,1936-03-16
1073,Violet,Fillbert,Violet.Fillbert@yopmail.com,Violet.Fillbert@gmail.com,police officer,767,1966-12-03
1074,Joelly,Concha,Joelly.Concha@yopmail.com,Joelly.Concha@gmail.com,developer,517,1981-08-17
1075,Lita,Adore,Lita.Adore@yopmail.com,Lita.Adore@gmail.com,firefighter,466,1993-12-23
1076,Adore,Fiann,Adore.Fiann@yopmail.com,Adore.Fiann@gmail.com,doctor,856,1959-01-08
1077,Jemie,Hewitt,Jemie.Hewitt@yopmail.com,Jemie.Hewitt@gmail.com,firefighter,207,1971-06-24
1078,Hettie,Aida,Hettie.Aida@yopmail.com,Hettie.Aida@gmail.com,police officer,711,1982-02-02
1079,Nerta,Anton,Nerta.Anton@yopmail.com,Nerta.Anton@gmail.com,developer,228,1996-05-01
1080,Pearline,Grayce,Pearline.Grayce@yopmail.com,Pearline.Grayce@gmail.com,doctor,301,1976-12-29
1081,Nollie,Sabella,Nollie.Sabella@yopmail.com,Nollie.Sabella@gmail.com,worker,351,2000-06-12
1082,Shaylyn,Papageno,Shaylyn.Papageno@yopmail.com,Shaylyn.Papageno@gmail.com,doctor,495,2007-03-07
1083,Aimil,Sacken,Aimil.Sacken@yopmail.com,Aimil.Sacken@gmail.com,developer,367,1917-12-17
1084,Beth,Milde,Beth.Milde@yopmail.com,Beth.Milde@gmail.com,firefighter,687,1974-09-10
1085,Zaria,Ackerley,Zaria.Ackerley@yopmail.com,Zaria.Ackerley@gmail.com,police officer,834,1921-04-26
1086,Aryn,Marcellus,Aryn.Marcellus@yopmail.com,Aryn.Marcellus@gmail.com,police officer,82,1970-01-22
1087,Juliane,Chobot,Juliane.Chobot@yopmail.com,Juliane.Chobot@gmail.com,worker,164,1999-01-29
1088,Stephanie,Marsden,Stephanie.Marsden@yopmail.com,Stephanie.Marsden@gmail.com,police officer,883,1946-11-02
1089,Fred,Raimondo,Fred.Raimondo@yopmail.com,Fred.Raimondo@gmail.com,developer,151,1948-07-18
1090,Taffy,Kannry,Taffy.Kannry@yopmail.com,Taffy.Kannry@gmail.com,worker,2,1989-09-07
1091,Lelah,Andrel,Lelah.Andrel@yopmail.com,Lelah.Andrel@gmail.com,developer,678,1960-03-10
1092,Ida,Stuart,Ida.Stuart@yopmail.com,Ida.Stuart@gmail.com,doctor,775,2006-06-12
1093,Isa,Center,Isa.Center@yopmail.com,Isa.Center@gmail.com,firefighter,840,2000-12-12
1094,Edith,Reidar,Edith.Reidar@yopmail.com,Edith.Reidar@gmail.com,developer,829,1950-03-06
1095,Carilyn,Ralfston,Carilyn.Ralfston@yopmail.com,Carilyn.Ralfston@gmail.com,firefighter,229,2011-08-12
1096,Jasmina,Parsaye,Jasmina.Parsaye@yopmail.com,Jasmina.Parsaye@gmail.com,police officer,870,1964-10-11
1097,Daphne,Kat,Daphne.Kat@yopmail.com,Daphne.Kat@gmail.com,doctor,142,1936-08-16
1098,Natka,Strephon,Natka.Strephon@yopmail.com,Natka.Strephon@gmail.com,worker,571,1920-11-14
1099,Sheelagh,Presber,Sheelagh.Presber@yopmail.com,Sheelagh.Presber@gmail.com,worker,763,1908-11-29